"Date","Price","Open","High","Low","Vol.","Change %"
"02/06/2026","9.73","9.58","9.73","9.58","500.04K","0.89%"
"02/05/2026","9.64","9.73","9.75","9.58","480.73K","-0.98%"
"02/04/2026","9.74","9.76","9.79","9.72","652.42K","-0.45%"
"02/03/2026","9.78","9.87","9.88","9.77","548.57K","-0.65%"
"02/02/2026","9.85","9.66","9.85","9.66","287.94K","1.19%"
"01/30/2026","9.73","9.63","9.74","9.63","515.28K","1.01%"
"01/29/2026","9.63","9.73","9.76","9.59","541.28K","-1.13%"
"01/28/2026","9.74","9.73","9.76","9.72","444.22K","0.33%"
"01/27/2026","9.71","9.79","9.79","9.70","651.55K","-0.34%"
"01/26/2026","9.74","9.72","9.76","9.68","426.89K","-0.56%"
"01/23/2026","9.80","9.82","9.82","9.78","279.60K","-0.18%"
"01/22/2026","9.82","9.83","9.86","9.80","536.43K","0.67%"
"01/21/2026","9.75","9.69","9.78","9.63","445.09K","0.08%"
"01/20/2026","9.74","9.75","9.75","9.65","578.88K","-0.79%"
"01/19/2026","9.82","9.85","9.87","9.81","445.11K","-1.59%"
"01/16/2026","9.98","9.99","10.00","9.94","367.79K","-0.23%"
"01/15/2026","10.00","9.93","10.01","9.93","273.52K","1.42%"
"01/14/2026","9.86","9.94","9.95","9.85","523.22K","-0.98%"
"01/13/2026","9.96","9.95","9.98","9.93","494.00K","0.27%"
"01/12/2026","9.93","9.87","9.94","9.85","426.03K","-0.16%"
"01/09/2026","9.95","9.90","9.96","9.89","353.00K","0.73%"
"01/08/2026","9.88","9.86","9.89","9.85","673.79K","-0.25%"
"01/07/2026","9.90","9.89","9.90","9.87","527.50K","0.50%"
"01/06/2026","9.85","9.80","9.87","9.78","1.29M","0.35%"
"01/05/2026","9.82","9.78","9.84","9.78","496.97K","1.17%"
"01/02/2026","9.71","9.76","9.79","9.69","178.05K","-0.70%"
"12/30/2025","9.77","9.76","9.77","9.76","244.83K","0.09%"
"12/29/2025","9.77","9.78","9.80","9.74","292.51K","0.22%"
"12/23/2025","9.74","9.72","9.75","9.69","240.35K","0.11%"
"12/22/2025","9.73","9.73","9.73","9.70","205.00K","0.33%"
"12/19/2025","9.70","9.65","9.70","9.62","265.24K","0.39%"
"12/18/2025","9.66","9.56","9.67","9.56","143.18K","1.21%"
"12/17/2025","9.55","9.67","9.69","9.55","1.06M","-0.45%"
"12/16/2025","9.59","9.60","9.64","9.57","310.20K","-0.69%"
"12/15/2025","9.66","9.71","9.72","9.63","113.37K","0.00%"
"12/12/2025","9.66","9.78","9.80","9.65","293.94K","-0.60%"
"12/11/2025","9.72","9.72","9.76","9.69","1.01M","-0.64%"
"12/10/2025","9.78","9.78","9.79","9.76","194.75K","-0.27%"
"12/09/2025","9.81","9.80","9.82","9.77","450.99K","0.13%"
"12/08/2025","9.80","9.82","9.83","9.79","305.04K","-0.23%"
"12/05/2025","9.82","9.80","9.84","9.78","278.77K","0.51%"
"12/04/2025","9.77","9.77","9.79","9.75","149.68K","0.08%"
"12/03/2025","9.76","9.78","9.78","9.71","301.89K","0.00%"
"12/02/2025","9.77","9.75","9.81","9.74","598.56K","0.00%"
"12/01/2025","9.77","9.75","9.77","9.71","375.48K","-0.39%"
"11/28/2025","9.81","9.81","9.83","9.80","210.77K","0.36%"
"11/27/2025","9.77","9.77","9.78","9.77","182.77K","-0.10%"
"11/26/2025","9.78","9.75","9.78","9.73","327.50K","1.20%"
"11/25/2025","9.66","9.67","9.67","9.58","243.18K","0.07%"
"11/24/2025","9.66","9.57","9.66","9.53","198.66K","1.58%"
"11/21/2025","9.51","9.44","9.51","9.40","337.24K","-1.23%"
"11/20/2025","9.63","9.71","9.76","9.63","241.81K","0.80%"
"11/19/2025","9.55","9.50","9.62","9.50","287.98K","0.34%"
"11/18/2025","9.52","9.52","9.55","9.43","237.17K","-1.22%"
"11/17/2025","9.63","9.70","9.71","9.61","405.27K","-0.33%"
"11/14/2025","9.67","9.61","9.67","9.50","227.77K","0.00%"
"11/13/2025","9.67","9.81","9.82","9.67","321.82K","-1.51%"
"11/12/2025","9.81","9.85","9.87","9.79","251.29K","0.53%"
"11/11/2025","9.76","9.81","9.81","9.75","363.49K","0.21%"
"11/10/2025","9.74","9.73","9.79","9.72","383.49K","2.18%"
"11/07/2025","9.53","9.71","9.71","9.53","889.43K","-1.50%"
"11/06/2025","9.68","9.78","9.82","9.68","260.78K","-1.71%"
"11/05/2025","9.85","9.77","9.85","9.76","302.62K","0.16%"
"11/04/2025","9.83","9.78","9.86","9.76","679.71K","-0.32%"
"11/03/2025","9.86","9.86","9.92","9.84","388.51K","0.11%"
"10/31/2025","9.85","9.87","9.90","9.83","329.87K","0.00%"
"10/30/2025","9.85","9.86","9.87","9.82","349.78K","0.20%"
"10/29/2025","9.83","9.87","9.88","9.82","441.87K","0.32%"
"10/28/2025","9.80","9.79","9.83","9.78","248.78K","0.19%"
"10/27/2025","9.78","9.78","9.79","9.76","375.50K","0.74%"
"10/24/2025","9.71","9.66","9.71","9.65","223.77K","1.01%"
"10/23/2025","9.62","9.61","9.62","9.58","342.40K","0.43%"
"10/22/2025","9.58","9.64","9.66","9.58","498.48K","-0.64%"
"10/21/2025","9.64","9.60","9.65","9.60","381.54K","0.52%"
"10/20/2025","9.59","9.53","9.59","9.51","1.29M","1.97%"
"10/17/2025","9.40","9.30","9.47","9.28","368.95K","-1.15%"
"10/16/2025","9.51","9.53","9.55","9.50","291.20K","-0.28%"
"10/15/2025","9.54","9.52","9.60","9.52","250.13K","0.44%"
"10/14/2025","9.50","9.47","9.50","9.40","441.52K","-0.53%"
"10/13/2025","9.55","9.50","9.55","9.48","334.68K","0.77%"
"10/10/2025","9.47","9.67","9.70","9.47","307.22K","-2.03%"
"10/09/2025","9.67","9.66","9.68","9.65","366.71K","0.22%"
"10/08/2025","9.65","9.60","9.65","9.58","261.01K","1.02%"
"10/07/2025","9.55","9.57","9.61","9.55","460.82K","-0.08%"
"10/06/2025","9.56","9.56","9.60","9.53","364.27K","0.23%"
"10/03/2025","9.54","9.54","9.54","9.51","248.69K","0.25%"
"10/02/2025","9.51","9.50","9.52","9.49","501.23K","0.41%"
"10/01/2025","9.47","9.36","9.47","9.35","394.65K","0.71%"
"09/30/2025","9.41","9.41","9.43","9.38","198.57K","-0.16%"
"09/29/2025","9.42","9.44","9.46","9.42","215.36K","0.27%"
"09/26/2025","9.40","9.40","9.44","9.38","189.33K","0.00%"
"09/25/2025","9.40","9.38","9.40","9.35","251.29K","0.00%"
"09/24/2025","9.40","9.39","9.43","9.38","269.51K","-0.14%"
"09/23/2025","9.41","9.42","9.43","9.41","221.35K","0.00%"
"09/22/2025","9.41","9.40","9.42","9.36","247.93K","0.34%"
"09/19/2025","9.38","9.35","9.40","9.34","260.34K","0.15%"
"09/18/2025","9.36","9.32","9.38","9.31","502.60K","1.27%"
"09/17/2025","9.25","9.26","9.26","9.24","230.40K","-0.11%"
"09/16/2025","9.26","9.32","9.34","9.25","256.11K","-0.77%"
"09/15/2025","9.33","9.33","9.34","9.30","339.66K","0.00%"
"09/12/2025","9.32","9.30","9.34","9.30","177.54K","0.16%"
"09/11/2025","9.31","9.28","9.31","9.26","263.49K","0.66%"
"09/10/2025","9.25","9.27","9.28","9.24","243.86K","0.60%"
"09/09/2025","9.19","9.18","9.20","9.16","265.05K","0.07%"
"09/08/2025","9.19","9.18","9.20","9.16","313.45K","0.52%"
"09/05/2025","9.14","9.26","9.26","9.11","226.04K","-0.87%"
"09/04/2025","9.22","9.18","9.23","9.18","424.13K","0.88%"
"09/03/2025","9.14","9.16","9.18","9.14","389.26K","0.89%"
"09/02/2025","9.06","9.15","9.17","9.06","311.17K","-1.14%"
"09/01/2025","9.16","9.14","9.17","9.14","226.89K","0.14%"
"08/29/2025","9.15","9.24","9.24","9.15","140.04K","-0.73%"
"08/28/2025","9.22","9.24","9.25","9.19","155.04K","-0.37%"
"08/27/2025","9.25","9.23","9.27","9.23","273.89K","0.99%"
"08/26/2025","9.16","9.18","9.18","9.14","212.03K","-0.15%"
"08/25/2025","9.17","9.14","9.17","9.13","160.31K","0.10%"
"08/22/2025","9.16","9.10","9.16","9.10","380.93K","0.54%"
"08/21/2025","9.11","9.12","9.12","9.06","117.21K","0.49%"
"08/20/2025","9.07","9.12","9.12","9.02","200.07K","-0.72%"
"08/19/2025","9.14","9.14","9.17","9.13","152.07K","-0.13%"
"08/18/2025","9.15","9.14","9.16","9.13","138.16K","0.17%"
"08/15/2025","9.13","9.21","9.21","9.13","448.50K","-0.52%"
"08/14/2025","9.18","9.16","9.19","9.14","192.91K","0.62%"
"08/13/2025","9.12","9.14","9.17","9.12","234.70K","0.06%"
"08/12/2025","9.12","9.11","9.14","9.09","152.22K","0.00%"
"08/11/2025","9.12","9.10","9.13","9.08","172.80K","0.78%"
"08/08/2025","9.05","9.03","9.07","9.03","119.91K","0.33%"
"08/07/2025","9.02","9.02","9.09","9.02","159.38K","0.00%"
"08/06/2025","9.02","9.05","9.06","8.98","272.68K","0.25%"
"08/05/2025","9.00","9.10","9.11","9.00","224.21K","-0.40%"
"08/04/2025","9.04","8.96","9.04","8.96","535.95K","1.06%"
"08/01/2025","8.94","9.16","9.16","8.90","652.83K","-3.33%"
"07/31/2025","9.25","9.29","9.32","9.24","546.93K","0.52%"
"07/30/2025","9.20","9.14","9.22","9.14","545.00K","0.55%"
"07/29/2025","9.15","9.18","9.20","9.15","389.43K","0.46%"
"07/28/2025","9.11","9.07","9.11","9.06","307.53K","1.14%"
"07/25/2025","9.01","8.98","9.02","8.97","185.71K","0.44%"
"07/24/2025","8.97","8.96","8.98","8.94","214.71K","0.32%"
"07/23/2025","8.94","8.93","8.95","8.92","186.22K","0.61%"
"07/22/2025","8.88","8.93","8.94","8.88","127.91K","-0.83%"
"07/21/2025","8.96","8.97","8.98","8.95","196.15K","0.13%"
"07/18/2025","8.95","8.99","8.99","8.94","111.10K","-0.42%"
"07/17/2025","8.98","8.95","8.98","8.94","247.34K","2.37%"
"07/16/2025","8.78","8.87","8.95","8.78","466.70K","-1.90%"
"07/15/2025","8.95","8.92","8.95","8.90","288.58K","0.86%"
"07/14/2025","8.87","8.84","8.87","8.82","160.75K","0.13%"
"07/11/2025","8.86","8.88","8.88","8.83","159.57K","-0.51%"
"07/10/2025","8.90","8.81","8.90","8.81","129.12K","0.86%"
"07/09/2025","8.83","8.79","8.87","8.79","421.77K","0.28%"
"07/08/2025","8.80","8.79","8.83","8.78","311.91K","0.00%"
"07/07/2025","8.80","8.80","8.85","8.80","487.83K","0.35%"
"07/04/2025","8.77","8.79","8.79","8.76","342.70K","-0.72%"
"07/03/2025","8.84","8.75","8.84","8.74","622.55K","1.16%"
"07/02/2025","8.73","8.74","8.75","8.70","496.09K","0.32%"
"07/01/2025","8.71","8.72","8.72","8.66","481.04K","-0.13%"
"06/30/2025","8.72","8.74","8.76","8.71","263.85K","-0.12%"
"06/27/2025","8.73","8.69","8.73","8.68","215.15K","0.72%"
"06/26/2025","8.67","8.65","8.67","8.62","174.44K","0.00%"
"06/25/2025","8.67","8.69","8.71","8.67","267.42K","0.13%"
"06/24/2025","8.66","8.68","8.68","8.64","931.14K","0.94%"
"06/23/2025","8.58","8.57","8.63","8.57","327.17K","-0.15%"
"06/20/2025","8.59","8.57","8.64","8.56","150.58K","0.48%"
"06/19/2025","8.55","8.61","8.61","8.53","118.51K","-0.86%"
"06/18/2025","8.62","8.61","8.65","8.60","248.31K","0.00%"
"06/17/2025","8.63","8.59","8.64","8.57","207.18K","0.00%"
"06/16/2025","8.63","8.58","8.64","8.57","183.34K","0.37%"
"06/13/2025","8.60","8.55","8.63","8.54","167.00K","-0.32%"
"06/12/2025","8.62","8.64","8.64","8.52","318.73K","-1.01%"
"06/11/2025","8.71","8.73","8.75","8.70","154.03K","0.09%"
"06/10/2025","8.70","8.71","8.72","8.69","225.15K","0.08%"
"06/09/2025","8.70","8.68","8.72","8.68","158.66K","0.00%"
"06/06/2025","8.69","8.63","8.74","8.62","326.47K","0.33%"
"06/05/2025","8.66","8.65","8.69","8.58","435.63K","0.00%"
"06/04/2025","8.66","8.68","8.70","8.64","252.19K","-0.07%"
"06/03/2025","8.67","8.56","8.67","8.54","373.19K","1.61%"
"06/02/2025","8.53","8.53","8.56","8.48","298.24K","-0.65%"
"05/30/2025","8.58","8.60","8.62","8.53","246.57K","-0.07%"
"05/29/2025","8.59","8.76","8.78","8.59","172.22K","-0.59%"
"05/28/2025","8.64","8.64","8.68","8.61","145.91K","0.46%"
"05/27/2025","8.60","8.54","8.60","8.51","177.74K","0.90%"
"05/26/2025","8.52","8.50","8.54","8.50","161.03K","0.84%"
"05/23/2025","8.45","8.53","8.54","8.39","292.04K","-1.29%"
"05/22/2025","8.56","8.55","8.58","8.50","309.20K","-0.88%"
"05/21/2025","8.64","8.63","8.65","8.57","154.36K","-1.06%"
"05/20/2025","8.73","8.72","8.76","8.72","264.78K","0.13%"
"05/19/2025","8.72","8.69","8.73","8.61","291.60K","-0.73%"
"05/16/2025","8.79","8.71","8.79","8.71","237.49K","0.71%"
"05/15/2025","8.72","8.65","8.72","8.63","294.67K","0.30%"
"05/14/2025","8.70","8.70","8.71","8.63","200.23K","-0.17%"
"05/13/2025","8.71","8.65","8.74","8.65","367.95K","0.90%"
"05/12/2025","8.64","8.60","8.70","8.60","469.59K","3.98%"
"05/09/2025","8.30","8.33","8.36","8.26","537.98K","-0.29%"
"05/08/2025","8.33","8.31","8.34","8.24","249.91K","2.09%"
"05/07/2025","8.16","8.18","8.21","8.14","408.16K","-0.50%"
"05/06/2025","8.20","8.21","8.22","8.13","281.16K","-0.67%"
"05/05/2025","8.26","8.24","8.26","8.19","575.39K","0.00%"
"05/02/2025","8.26","8.21","8.27","8.18","734.75K","2.82%"
"04/30/2025","8.03","8.05","8.07","7.89","392.18K","0.27%"
"04/29/2025","8.01","8.01","8.05","7.96","198.14K","0.56%"
"04/28/2025","7.97","8.03","8.06","7.97","181.46K","0.14%"
"04/25/2025","7.95","8.03","8.03","7.92","242.11K","0.48%"
"04/24/2025","7.92","7.79","7.93","7.75","425.71K","1.04%"
"04/23/2025","7.83","7.79","7.95","7.78","842.85K","3.44%"
"04/22/2025","7.57","7.49","7.59","7.46","336.30K","-1.35%"
"04/17/2025","7.68","7.72","7.76","7.65","179.31K","-1.43%"
"04/16/2025","7.79","7.74","7.82","7.70","207.54K","-1.65%"
"04/15/2025","7.92","7.89","7.95","7.84","433.07K","0.79%"
"04/14/2025","7.86","7.84","7.98","7.83","353.74K","2.73%"
"04/11/2025","7.65","7.75","7.76","7.54","730.82K","-1.12%"
"04/10/2025","7.74","8.15","8.15","7.74","643.34K","3.97%"
"04/09/2025","7.44","7.46","7.56","7.26","1.37M","-5.04%"
"04/08/2025","7.83","7.72","7.97","7.72","842.16K","3.50%"
"04/07/2025","7.57","7.26","7.79","7.22","1.09M","-2.61%"
"04/04/2025","7.77","8.02","8.05","7.71","990.75K","-4.31%"
"04/03/2025","8.12","8.25","8.30","8.04","733.92K","-5.46%"
"04/02/2025","8.59","8.59","8.60","8.50","588.70K","0.00%"
"04/01/2025","8.59","8.57","8.60","8.49","387.79K","1.28%"
"03/31/2025","8.48","8.43","8.48","8.34","219.00K","-0.36%"
"03/28/2025","8.51","8.67","8.71","8.51","222.59K","-2.40%"
"03/27/2025","8.72","8.74","8.76","8.67","151.17K","-0.45%"
"03/26/2025","8.76","8.83","8.87","8.76","254.38K","-0.40%"
"03/25/2025","8.80","8.80","8.82","8.78","211.67K","0.00%"
"03/24/2025","8.79","8.70","8.80","8.69","510.63K","2.31%"
"03/21/2025","8.60","8.61","8.61","8.54","351.12K","-0.32%"
"03/20/2025","8.62","8.64","8.70","8.56","264.27K","0.55%"
"03/19/2025","8.58","8.49","8.59","8.49","179.20K","1.20%"
"03/18/2025","8.48","8.54","8.56","8.45","511.02K","-0.66%"
"03/17/2025","8.53","8.50","8.57","8.49","420.39K","0.15%"
"03/14/2025","8.52","8.45","8.54","8.42","382.79K","1.21%"
"03/13/2025","8.42","8.45","8.52","8.40","393.83K","-0.89%"
"03/12/2025","8.49","8.45","8.55","8.39","750.07K","0.87%"
"03/11/2025","8.42","8.52","8.54","8.39","588.04K","-2.08%"
"03/10/2025","8.60","8.73","8.74","8.57","761.64K","-0.51%"
"03/07/2025","8.64","8.76","8.76","8.64","470.53K","-2.04%"
"03/06/2025","8.82","8.88","8.88","8.74","1.12M","0.16%"
"03/05/2025","8.81","8.98","8.99","8.80","1.18M","-2.20%"
"03/04/2025","9.00","9.19","9.20","8.98","916.08K","-3.38%"
"03/03/2025","9.32","9.45","9.45","9.31","327.93K","0.00%"
"02/28/2025","9.32","9.31","9.35","9.26","325.37K","-1.22%"
"02/27/2025","9.44","9.41","9.47","9.38","283.07K","0.28%"
"02/26/2025","9.41","9.39","9.42","9.37","135.68K","1.30%"
"02/25/2025","9.29","9.41","9.42","9.28","226.48K","-1.88%"
"02/24/2025","9.47","9.49","9.52","9.42","154.60K","-1.27%"
"02/21/2025","9.59","9.60","9.64","9.57","383.95K","0.00%"
"02/20/2025","9.59","9.67","9.69","9.57","336.62K","-1.09%"
"02/19/2025","9.69","9.67","9.70","9.65","259.20K","0.63%"
"02/18/2025","9.63","9.65","9.68","9.63","139.89K","0.00%"
"02/17/2025","9.63","9.62","9.64","9.62","199.73K","0.45%"
"02/14/2025","9.59","9.63","9.63","9.58","369.07K","-0.18%"
"02/13/2025","9.60","9.57","9.62","9.55","709.12K","0.28%"
"02/12/2025","9.58","9.63","9.64","9.56","208.71K","-0.75%"
"02/11/2025","9.65","9.66","9.67","9.63","318.57K","-0.33%"
"02/10/2025","9.68","9.65","9.69","9.64","893.03K","0.59%"
"02/07/2025","9.62","9.64","9.67","9.62","593.90K","-0.16%"
"02/06/2025","9.64","9.63","9.66","9.63","546.13K","1.11%"
"02/05/2025","9.53","9.51","9.53","9.48","237.28K","-0.45%"
"02/04/2025","9.58","9.56","9.58","9.52","386.86K","-0.16%"
"02/03/2025","9.59","9.57","9.60","9.51","414.84K","-0.86%"
"01/31/2025","9.67","9.64","9.70","9.64","407.73K","1.32%"
"01/30/2025","9.55","9.58","9.61","9.52","476.34K","-0.05%"
"01/29/2025","9.55","9.60","9.61","9.55","398.51K","0.30%"
"01/28/2025","9.52","9.50","9.56","9.47","327.15K","1.57%"
"01/27/2025","9.38","9.44","9.44","9.27","349.41K","-2.06%"
"01/24/2025","9.58","9.61","9.62","9.56","351.66K","-0.58%"
"01/23/2025","9.63","9.62","9.65","9.60","452.24K","0.00%"
"01/22/2025","9.63","9.59","9.63","9.56","241.31K","1.13%"
"01/21/2025","9.53","9.53","9.59","9.52","208.15K","0.00%"
"01/20/2025","9.53","9.58","9.58","9.50","403.91K","-0.68%"
"01/17/2025","9.59","9.51","9.61","9.51","447.32K","0.98%"
"01/16/2025","9.50","9.55","9.55","9.50","176.74K","0.11%"
"01/15/2025","9.49","9.32","9.49","9.32","190.87K","1.74%"
"01/14/2025","9.33","9.40","9.42","9.31","538.07K","-0.24%"
"01/13/2025","9.35","9.34","9.37","9.30","212.03K","0.00%"
"01/10/2025","9.35","9.44","9.45","9.33","362.88K","-0.88%"
"01/09/2025","9.43","9.43","9.44","9.42","221.61K","0.00%"
"01/08/2025","9.44","9.43","9.46","9.40","297.70K","0.07%"
"01/07/2025","9.43","9.43","9.49","9.41","384.16K","-0.94%"
"01/06/2025","9.52","9.48","9.53","9.44","199.77K","0.52%"
"01/03/2025","9.47","9.42","9.47","9.39","479.76K","-0.08%"
"01/02/2025","9.48","9.40","9.48","9.38","202.44K","1.75%"
"12/30/2024","9.31","9.40","9.41","9.31","144.55K","-1.04%"
"12/27/2024","9.41","9.50","9.51","9.39","324.25K","0.38%"
"12/23/2024","9.38","9.41","9.41","9.35","189.52K","-0.29%"
"12/20/2024","9.40","9.28","9.40","9.18","152.08K","0.43%"
"12/19/2024","9.36","9.31","9.38","9.29","214.09K","-1.60%"
"12/18/2024","9.52","9.50","9.53","9.47","350.23K","0.30%"
"12/17/2024","9.49","9.48","9.51","9.45","423.76K","-0.23%"
"12/16/2024","9.51","9.47","9.52","9.46","1.78M","0.32%"
"12/13/2024","9.48","9.53","9.53","9.45","276.76K","-0.36%"
"12/12/2024","9.51","9.50","9.54","9.48","218.13K","-0.20%"
"12/11/2024","9.53","9.46","9.53","9.45","329.75K","0.61%"
"12/10/2024","9.47","9.44","9.49","9.43","286.78K","0.50%"
"12/09/2024","9.43","9.48","9.49","9.40","277.14K","-0.43%"
"12/06/2024","9.47","9.43","9.50","9.42","242.64K","0.00%"
"12/05/2024","9.46","9.48","9.50","9.45","435.17K","-0.16%"
"12/04/2024","9.48","9.47","9.52","9.46","226.41K","0.32%"
"12/03/2024","9.45","9.47","9.47","9.43","402.85K","-0.25%"
"12/02/2024","9.47","9.43","9.49","9.41","229.38K","0.83%"
"11/29/2024","9.39","9.35","9.40","9.35","161.07K","0.31%"
"11/28/2024","9.36","9.37","9.38","9.35","217.37K","0.43%"
"11/27/2024","9.32","9.41","9.41","9.32","147.89K","-0.99%"
"11/26/2024","9.42","9.38","9.42","9.35","310.09K","0.39%"
"11/25/2024","9.38","9.42","9.42","9.36","344.28K","-0.29%"
"11/22/2024","9.41","9.32","9.43","9.32","292.19K","1.20%"
"11/21/2024","9.30","9.21","9.30","9.19","613.89K","1.35%"
"11/20/2024","9.17","9.21","9.23","9.15","203.55K","0.00%"
"11/19/2024","9.17","9.17","9.18","9.06","293.03K","-0.09%"
"11/18/2024","9.18","9.15","9.18","9.12","137.40K","0.28%"
"11/15/2024","9.15","9.21","9.21","9.15","265.42K","-1.50%"
"11/14/2024","9.29","9.31","9.37","9.27","535.55K","-0.22%"
"11/13/2024","9.31","9.24","9.31","9.21","394.62K","0.46%"
"11/12/2024","9.27","9.26","9.29","9.26","765.57K","0.08%"
"11/11/2024","9.26","9.23","9.28","9.23","608.26K","0.94%"
"11/08/2024","9.18","9.11","9.18","9.07","490.14K","1.12%"
"11/07/2024","9.07","9.06","9.08","9.03","581.85K","0.48%"
"11/06/2024","9.03","9.01","9.09","8.99","300.54K","4.13%"
"11/05/2024","8.67","8.63","8.68","8.61","258.66K","0.60%"
"11/04/2024","8.62","8.64","8.65","8.60","140.27K","-1.03%"
"11/01/2024","8.71","8.64","8.72","8.64","187.80K","0.60%"
"10/31/2024","8.66","8.72","8.73","8.65","292.73K","-1.89%"
"10/30/2024","8.83","8.87","8.87","8.81","153.31K","-0.36%"
"10/29/2024","8.86","8.84","8.87","8.83","168.20K","0.20%"
"10/28/2024","8.84","8.87","8.87","8.84","194.82K","-0.22%"
"10/25/2024","8.86","8.82","8.87","8.81","167.50K","0.45%"
"10/24/2024","8.82","8.85","8.86","8.82","478.03K","-0.24%"
"10/23/2024","8.84","8.90","8.90","8.84","363.72K","-0.24%"
"10/22/2024","8.86","8.86","8.87","8.83","249.80K","0.33%"
"10/21/2024","8.83","8.86","8.87","8.83","329.56K","-0.21%"
"10/18/2024","8.85","8.85","8.86","8.83","190.92K","-0.22%"
"10/17/2024","8.87","8.84","8.92","8.84","246.28K","0.99%"
"10/16/2024","8.78","8.78","8.79","8.75","146.32K","-0.10%"
"10/15/2024","8.79","8.83","8.84","8.78","295.58K","0.00%"
"10/14/2024","8.79","8.73","8.81","8.73","192.23K","1.00%"
"10/11/2024","8.70","8.67","8.71","8.65","146.90K","0.27%"
"10/10/2024","8.68","8.68","8.69","8.65","378.74K","0.25%"
"10/09/2024","8.66","8.59","8.66","8.58","181.23K","0.89%"
"10/08/2024","8.58","8.50","8.59","8.50","163.89K","0.12%"
"10/07/2024","8.57","8.58","8.58","8.55","222.86K","0.41%"
"10/04/2024","8.54","8.47","8.59","8.47","321.16K","0.59%"
"10/03/2024","8.49","8.47","8.50","8.44","90.65K","0.00%"
"10/02/2024","8.49","8.44","8.49","8.42","350.17K","0.37%"
"10/01/2024","8.46","8.49","8.52","8.42","168.90K","0.27%"
"09/30/2024","8.43","8.42","8.44","8.38","139.03K","-0.13%"
"09/27/2024","8.45","8.45","8.46","8.43","217.52K","0.41%"
"09/26/2024","8.41","8.47","8.50","8.41","128.07K","-0.15%"
"09/25/2024","8.42","8.38","8.42","8.38","111.70K","0.14%"
"09/24/2024","8.41","8.45","8.45","8.39","160.04K","-0.10%"
"09/23/2024","8.42","8.39","8.43","8.38","171.32K","0.67%"
"09/20/2024","8.36","8.37","8.39","8.36","163.87K","-0.48%"
"09/19/2024","8.40","8.36","8.43","8.35","153.71K","1.24%"
"09/18/2024","8.30","8.32","8.32","8.29","127.84K","-0.45%"
"09/17/2024","8.34","8.31","8.36","8.31","93.89K","0.78%"
"09/16/2024","8.27","8.29","8.30","8.26","","-0.53%"
"09/13/2024","8.32","8.29","8.32","8.27","49.72K","0.77%"
"09/12/2024","8.25","8.28","8.29","8.23","187.65K","2.10%"
"09/11/2024","8.09","8.13","8.17","8.05","169.41K","-0.65%"
"09/10/2024","8.14","8.10","8.16","8.10","177.52K","0.50%"
"09/09/2024","8.10","8.06","8.12","8.05","81.37K","1.11%"
"09/06/2024","8.01","8.08","8.16","8.00","84.18K","-1.30%"
"09/05/2024","8.11","8.15","8.18","8.11","327.55K","-0.73%"
"09/04/2024","8.17","8.15","8.20","8.15","235.94K","-1.26%"
"09/03/2024","8.28","8.36","8.37","8.25","167.87K","-0.99%"
"09/02/2024","8.36","8.34","8.37","8.33","135.99K","0.84%"
"08/30/2024","8.29","8.29","8.32","8.29","75.80K","-0.45%"
"08/29/2024","8.33","8.23","8.34","8.23","115.76K","1.19%"
"08/28/2024","8.23","8.27","8.29","8.23","61.56K","-0.06%"
"08/27/2024","8.24","8.24","8.26","8.21","232.50K","0.00%"
"08/26/2024","8.24","8.25","8.28","8.24","291.74K","0.00%"
"08/23/2024","8.23","8.23","8.27","8.20","93.43K","-0.31%"
"08/22/2024","8.26","8.25","8.30","8.25","188.61K","0.13%"
"08/21/2024","8.25","8.25","8.29","8.24","110.39K","0.00%"
"08/20/2024","8.25","8.29","8.30","8.25","117.18K","0.00%"
"08/19/2024","8.25","8.23","8.26","8.22","237.01K","0.06%"
"08/16/2024","8.25","8.28","8.28","8.22","141.56K","0.10%"
"08/15/2024","8.24","8.11","8.24","8.11","356.93K","1.80%"
"08/14/2024","8.09","8.09","8.09","8.03","113.86K","0.26%"
"08/13/2024","8.07","8.03","8.07","8.01","337.73K","0.98%"
"08/12/2024","7.99","8.01","8.04","7.97","606.59K","0.25%"
"08/09/2024","7.97","7.96","8.01","7.94","229.10K","0.40%"
"08/08/2024","7.94","7.78","7.95","7.74","340.08K","-0.16%"
"08/07/2024","7.95","7.89","7.98","7.87","459.85K","1.11%"
"08/06/2024","7.87","7.85","7.90","7.79","654.19K","1.12%"
"08/05/2024","7.78","7.77","7.81","7.60","625.45K","-2.35%"
"08/02/2024","7.97","8.17","8.18","7.95","93.12K","-4.00%"
"08/01/2024","8.30","8.39","8.42","8.30","271.86K","-0.64%"
"07/31/2024","8.35","8.29","8.35","8.28","171.73K","1.53%"
"07/30/2024","8.23","8.27","8.29","8.23","196.20K","-0.08%"
"07/29/2024","8.23","8.26","8.31","8.23","275.85K","0.30%"
"07/26/2024","8.21","8.18","8.21","8.18","172.95K","0.00%"
"07/25/2024","8.21","8.21","8.22","8.14","282.14K","-0.30%"
"07/24/2024","8.24","8.32","8.33","8.23","213.94K","-2.08%"
"07/23/2024","8.41","8.35","8.41","8.34","346.51K","1.15%"
"07/22/2024","8.31","8.30","8.36","8.29","331.50K","0.43%"
"07/19/2024","8.28","8.32","8.34","8.28","262.46K","-0.65%"
"07/18/2024","8.33","8.40","8.42","8.33","242.74K","-0.56%"
"07/17/2024","8.38","8.46","8.46","8.37","191.96K","-1.25%"
"07/16/2024","8.49","8.46","8.50","8.45","343.52K","0.17%"
"07/15/2024","8.47","8.46","8.48","8.45","462.46K","0.29%"
"07/12/2024","8.45","8.42","8.45","8.39","168.69K","0.43%"
"07/11/2024","8.41","8.50","8.50","8.41","128.12K","-0.51%"
"07/10/2024","8.45","8.43","8.45","8.43","254.00K","0.15%"
"07/09/2024","8.44","8.43","8.45","8.43","167.37K","0.41%"
"07/08/2024","8.41","8.40","8.41","8.39","388.81K","0.32%"
"07/05/2024","8.38","8.37","8.38","8.35","485.38K","0.21%"
"07/04/2024","8.36","8.38","8.39","8.36","274.36K","0.08%"
"07/03/2024","8.36","8.37","8.38","8.34","310.15K","0.09%"
"07/02/2024","8.35","8.32","8.35","8.30","354.97K","0.21%"
"07/01/2024","8.33","8.32","8.33","8.29","332.33K","-0.69%"
"06/28/2024","8.39","8.40","8.44","8.38","438.02K","0.45%"
"06/27/2024","8.35","8.36","8.37","8.35","368.69K","-0.07%"
"06/26/2024","8.36","8.37","8.39","8.35","214.06K","0.24%"
"06/25/2024","8.34","8.31","8.34","8.30","140.00K","-0.16%"
"06/24/2024","8.35","8.35","8.36","8.31","263.67K","-0.09%"
"06/21/2024","8.36","8.36","8.38","8.34","197.58K","-0.19%"
"06/20/2024","8.37","8.38","8.41","8.37","212.65K","0.23%"
"06/19/2024","8.35","8.36","8.36","8.35","297.09K","0.16%"
"06/18/2024","8.34","8.34","8.35","8.32","176.92K","0.58%"
"06/17/2024","8.29","8.30","8.30","8.27","230.39K","0.17%"
"06/14/2024","8.28","8.27","8.30","8.24","139.80K","0.62%"
"06/13/2024","8.23","8.22","8.23","8.20","80.10K","0.50%"
"06/12/2024","8.19","8.18","8.21","8.17","134.41K","0.48%"
"06/11/2024","8.15","8.13","8.15","8.12","97.08K","0.16%"
"06/10/2024","8.13","8.11","8.14","8.10","92.19K","0.44%"
"06/07/2024","8.10","8.04","8.10","8.02","62.02K","0.82%"
"06/06/2024","8.03","8.04","8.05","8.03","213.22K","0.30%"
"06/05/2024","8.01","7.95","8.01","7.95","232.83K","1.42%"
"06/04/2024","7.90","7.91","7.93","7.89","156.40K","-0.16%"
"06/03/2024","7.91","7.97","7.98","7.91","176.21K","0.86%"
"05/31/2024","7.84","7.89","7.89","7.84","62.49K","-0.83%"
"05/30/2024","7.91","7.93","7.94","7.89","69.01K","-0.70%"
"05/29/2024","7.96","7.96","7.97","7.93","135.12K","0.00%"
"05/28/2024","7.97","7.98","7.99","7.96","61.27K","-0.26%"
"05/27/2024","7.99","7.99","7.99","7.97","123.54K","0.10%"
"05/24/2024","7.98","7.96","7.99","7.95","133.00K","-0.50%"
"05/23/2024","8.02","8.05","8.06","8.00","128.19K","0.07%"
"05/22/2024","8.01","8.00","8.02","8.00","66.75K","0.27%"
"05/21/2024","7.99","7.98","7.99","7.97","70.22K","-0.13%"
"05/20/2024","8.00","7.96","8.00","7.96","144.42K","0.63%"
"05/17/2024","7.95","7.96","7.98","7.95","118.63K","-0.47%"
"05/16/2024","7.99","7.97","7.99","7.97","103.59K","0.55%"
"05/15/2024","7.94","7.91","7.94","7.90","107.76K","0.81%"
"05/14/2024","7.88","7.90","7.91","7.88","101.46K","-0.17%"
"05/13/2024","7.89","7.92","7.92","7.89","172.55K","-0.08%"
"05/10/2024","7.90","7.91","7.92","7.90","71.56K","0.29%"
"05/09/2024","7.88","7.87","7.88","7.85","139.16K","0.10%"
"05/08/2024","7.87","7.87","7.88","7.84","131.28K","0.12%"
"05/07/2024","7.86","7.85","7.86","7.84","360.29K","0.69%"
"05/06/2024","7.80","7.78","7.81","7.78","194.03K","0.79%"
"05/03/2024","7.74","7.71","7.75","7.71","182.26K","0.98%"
"05/02/2024","7.67","7.67","7.71","7.66","171.22K","-1.08%"
"04/30/2024","7.75","7.78","7.78","7.75","263.90K","-0.22%"
"04/29/2024","7.77","7.78","7.80","7.77","194.03K","-0.13%"
"04/26/2024","7.78","7.73","7.78","7.71","107.59K","2.12%"
"04/25/2024","7.62","7.67","7.67","7.61","122.05K","-1.34%"
"04/24/2024","7.72","7.75","7.76","7.72","130.77K","0.09%"
"04/23/2024","7.71","7.68","7.71","7.65","134.23K","1.12%"
"04/22/2024","7.63","7.63","7.66","7.61","203.33K","0.00%"
"04/19/2024","7.63","7.63","7.67","7.63","234.98K","-1.15%"
"04/18/2024","7.72","7.69","7.72","7.68","371.05K","0.18%"
"04/17/2024","7.70","7.74","7.77","7.70","464.89K","-0.70%"
"04/16/2024","7.76","7.76","7.77","7.74","212.98K","-1.49%"
"04/15/2024","7.87","7.88","7.92","7.85","215.03K","-0.22%"
"04/12/2024","7.89","7.94","7.94","7.88","84.64K","0.57%"
"04/11/2024","7.85","7.84","7.85","7.80","111.19K","0.30%"
"04/10/2024","7.82","7.83","7.83","7.76","114.41K","0.67%"
"04/09/2024","7.77","7.82","7.83","7.75","174.89K","-0.60%"
"04/08/2024","7.82","7.82","7.84","7.81","559.73K","0.00%"
"04/05/2024","7.82","7.76","7.83","7.75","586.40K","-0.63%"
"04/04/2024","7.87","7.86","7.87","7.85","323.83K","0.00%"
"04/03/2024","7.86","7.88","7.88","7.85","170.01K","0.00%"
"04/02/2024","7.86","7.96","7.96","7.84","293.45K","-0.70%"
"03/28/2024","7.92","7.92","7.93","7.91","153.56K","0.74%"
"03/27/2024","7.86","7.86","7.88","7.85","129.80K","-0.13%"
"03/26/2024","7.87","7.86","7.87","7.85","132.77K","0.20%"
"03/25/2024","7.85","7.88","7.88","7.84","187.52K","-0.37%"
"03/22/2024","7.88","7.89","7.91","7.88","186.75K","0.00%"
"03/21/2024","7.89","7.83","7.89","7.82","379.16K","1.54%"
"03/20/2024","7.77","7.76","7.78","7.76","117.69K","0.31%"
"03/19/2024","7.74","7.72","7.74","7.69","123.42K","0.14%"
"03/18/2024","7.73","7.68","7.74","7.67","202.04K","1.10%"
"03/15/2024","7.65","7.71","7.72","7.64","227.77K","-0.76%"
"03/14/2024","7.71","7.71","7.72","7.69","159.36K","0.24%"
"03/13/2024","7.69","7.71","7.71","7.69","83.38K","0.00%"
"03/12/2024","7.69","7.66","7.71","7.64","277.78K","0.90%"
"03/11/2024","7.62","7.61","7.62","7.59","238.09K","-0.66%"
"03/08/2024","7.67","7.68","7.71","7.67","254.31K","0.08%"
"03/07/2024","7.66","7.61","7.68","7.61","694.11K","0.31%"
"03/06/2024","7.64","7.62","7.65","7.62","1.30M","0.21%"
"03/05/2024","7.62","7.68","7.68","7.62","1.28M","-0.85%"
"03/04/2024","7.69","7.70","7.71","7.69","479.59K","0.07%"
"03/01/2024","7.68","7.68","7.69","7.65","266.88K","0.56%"
"02/29/2024","7.64","7.61","7.65","7.58","730.52K","0.27%"
"02/28/2024","7.62","7.63","7.63","7.61","313.82K","0.31%"
"02/27/2024","7.60","7.60","7.61","7.60","343.82K","-0.29%"
"02/26/2024","7.62","7.64","7.64","7.62","193.58K","-0.41%"
"02/23/2024","7.65","7.64","7.68","7.64","182.57K","0.34%"
"02/22/2024","7.63","7.54","7.63","7.54","401.12K","2.05%"
"02/21/2024","7.47","7.48","7.48","7.46","581.13K","-0.10%"
"02/20/2024","7.48","7.54","7.54","7.47","578.35K","-1.13%"
"02/19/2024","7.57","7.55","7.58","7.55","577.63K","-0.33%"
"02/16/2024","7.59","7.61","7.62","7.57","503.97K","0.27%"
"02/15/2024","7.57","7.60","7.60","7.56","344.87K","0.38%"
"02/14/2024","7.54","7.54","7.56","7.54","949.21K","0.08%"
"02/13/2024","7.54","7.58","7.58","7.51","495.68K","-1.00%"
"02/12/2024","7.61","7.56","7.61","7.56","478.95K","0.87%"
"02/09/2024","7.55","7.54","7.57","7.54","690.61K","0.14%"
"02/08/2024","7.54","7.53","7.55","7.52","469.81K","0.14%"
"02/07/2024","7.53","7.47","7.53","7.47","811.48K","0.62%"
"02/06/2024","7.48","7.48","7.49","7.47","356.87K","0.10%"
"02/05/2024","7.47","7.45","7.48","7.45","868.36K","0.29%"
"02/02/2024","7.45","7.36","7.45","7.35","142.71K","2.25%"
"02/01/2024","7.29","7.32","7.32","7.28","343.75K","-0.39%"
"01/31/2024","7.31","7.37","7.38","7.30","124.63K","-0.91%"
"01/30/2024","7.38","7.39","7.39","7.37","122.47K","0.34%"
"01/29/2024","7.36","7.33","7.37","7.33","231.22K","0.42%"
"01/26/2024","7.33","7.32","7.33","7.30","138.19K","-0.12%"
"01/25/2024","7.33","7.27","7.33","7.25","127.93K","0.61%"
"01/24/2024","7.29","7.29","7.30","7.27","162.92K","0.35%"
"01/23/2024","7.26","7.23","7.28","7.23","205.24K","0.25%"
"01/22/2024","7.25","7.23","7.26","7.23","236.28K","1.15%"
"01/19/2024","7.16","7.15","7.17","7.15","311.56K","0.58%"
"01/18/2024","7.12","7.08","7.12","7.07","143.00K","0.31%"
"01/17/2024","7.10","7.09","7.10","7.07","137.71K","-0.39%"
"01/16/2024","7.13","7.08","7.13","7.08","284.64K","0.52%"
"01/15/2024","7.09","7.09","7.10","7.08","253.50K","0.19%"
"01/12/2024","7.08","7.06","7.10","7.06","210.42K","0.54%"
"01/11/2024","7.04","7.10","7.10","7.04","218.78K","-0.31%"
"01/10/2024","7.06","7.07","7.08","7.05","207.84K","0.00%"
"01/09/2024","7.06","7.05","7.06","7.03","164.56K","1.05%"
"01/08/2024","6.99","6.97","6.99","6.96","327.37K","0.19%"
"01/05/2024","6.97","6.97","6.98","6.95","408.78K","-0.34%"
"01/04/2024","7.00","7.00","7.00","6.97","887.24K","-0.23%"
"01/03/2024","7.01","7.03","7.03","7.01","362.50K","-0.26%"
"01/02/2024","7.03","7.04","7.04","7.01","389.42K","0.00%"
"12/29/2023","7.03","7.03","7.04","7.02","370.15K","0.23%"
"12/28/2023","7.01","7.00","7.02","6.99","483.95K","0.52%"
"12/27/2023","6.98","7.05","7.05","6.97","396.90K","-0.53%"
"12/22/2023","7.01","6.99","7.03","6.98","612.74K","0.36%"
"12/21/2023","6.99","7.01","7.02","6.98","425.88K","-1.09%"
"12/20/2023","7.07","7.05","7.07","7.04","645.09K","0.45%"
"12/19/2023","7.03","7.04","7.04","7.02","510.37K","0.00%"
"12/18/2023","7.04","7.02","7.04","7.01","568.81K","0.23%"
"12/15/2023","7.02","6.98","7.02","6.98","615.78K","0.90%"
"12/14/2023","6.96","7.04","7.04","6.96","659.32K","-0.48%"
"12/13/2023","6.99","6.99","7.00","6.98","654.85K","0.47%"
"12/12/2023","6.96","6.96","6.97","6.94","803.58K","0.14%"
"12/11/2023","6.95","6.94","6.96","6.93","947.11K","0.34%"
"12/08/2023","6.93","6.89","6.93","6.89","613.81K","0.59%"
"12/07/2023","6.89","6.85","6.89","6.84","666.09K","0.22%"
"12/06/2023","6.87","6.89","6.90","6.87","1.21M","0.00%"
"12/05/2023","6.87","6.83","6.87","6.82","1.61M","0.62%"
"12/04/2023","6.83","6.84","6.84","6.82","812.47K","0.00%"
"12/01/2023","6.83","6.80","6.83","6.80","1.09M","1.00%"
"11/30/2023","6.76","6.75","6.78","6.75","1.18M","0.31%"
"11/29/2023","6.74","6.73","6.77","6.73","1.18M","0.09%"
"11/28/2023","6.74","6.73","6.74","6.71","1.19M","-0.28%"
"11/27/2023","6.75","6.74","6.75","6.74","2.10M","0.00%"
"11/24/2023","6.76","6.77","6.78","6.75","484.87K","-0.36%"
"11/23/2023","6.78","6.77","6.78","6.77","1.32M","-0.18%"
"11/22/2023","6.79","6.74","6.81","6.74","1.53M","1.07%"
"11/21/2023","6.72","6.73","6.73","6.71","1.64M","0.00%"
"11/20/2023","6.72","6.70","6.72","6.69","1.49M","0.09%"
"11/17/2023","6.71","6.75","6.76","6.71","1.08M","0.10%"
"11/16/2023","6.71","6.73","6.73","6.70","946.97K","-0.45%"
"11/15/2023","6.74","6.72","6.75","6.72","815.60K","0.30%"
"11/14/2023","6.72","6.68","6.72","6.67","720.82K","0.51%"
"11/13/2023","6.68","6.66","6.69","6.66","570.77K","0.65%"
"11/10/2023","6.64","6.62","6.64","6.59","552.60K","0.13%"
"11/09/2023","6.63","6.63","6.65","6.61","535.57K","0.20%"
"11/08/2023","6.62","6.63","6.66","6.62","513.37K","-0.36%"
"11/07/2023","6.64","6.59","6.64","6.59","479.70K","0.97%"
"11/06/2023","6.58","6.58","6.58","6.57","1.01M","-0.14%"
"11/03/2023","6.59","6.57","6.59","6.55","621.06K","0.42%"
"11/02/2023","6.56","6.49","6.56","6.49","649.47K","1.34%"
"11/01/2023","6.47","6.41","6.48","6.41","723.39K","1.32%"
"10/31/2023","6.39","6.34","6.39","6.34","755.17K","0.90%"
"10/30/2023","6.33","6.35","6.35","6.30","964.53K","0.00%"
"10/27/2023","6.33","6.37","6.38","6.33","1.09M","-0.92%"
"10/26/2023","6.39","6.38","6.40","6.37","1.52M","-0.85%"
"10/25/2023","6.44","6.46","6.49","6.44","1.32M","-0.59%"
"10/24/2023","6.48","6.41","6.50","6.41","1.51M","0.58%"
"10/23/2023","6.45","6.47","6.47","6.40","2.18M","-0.45%"
"10/20/2023","6.47","6.52","6.54","6.47","1.42M","-1.91%"
"10/19/2023","6.60","6.61","6.63","6.58","1.19M","-1.06%"
"10/18/2023","6.67","6.67","6.68","6.67","620.79K","-0.34%"
"10/17/2023","6.69","6.70","6.71","6.66","711.56K","-0.28%"
"10/16/2023","6.71","6.67","6.71","6.65","552.66K","0.52%"
"10/13/2023","6.68","6.69","6.72","6.66","1.15M","-0.38%"
"10/12/2023","6.70","6.68","6.70","6.68","541.80K","1.00%"
"10/11/2023","6.64","6.65","6.67","6.63","727.10K","-0.60%"
"10/10/2023","6.68","6.65","6.68","6.63","580.50K","1.20%"
"10/09/2023","6.60","6.57","6.60","6.55","552.44K","0.78%"
"10/06/2023","6.55","6.53","6.55","6.49","695.61K","0.51%"
"10/05/2023","6.51","6.55","6.55","6.50","1.57M","-0.10%"
"10/04/2023","6.52","6.50","6.53","6.50","1.86M","-0.23%"
"10/03/2023","6.53","6.62","6.63","6.53","1.23M","-1.22%"
"10/02/2023","6.62","6.59","6.62","6.57","1.35M","0.32%"
"09/29/2023","6.59","6.58","6.62","6.58","932.89K","0.17%"
"09/28/2023","6.58","6.59","6.59","6.55","555.52K","0.23%"
"09/27/2023","6.57","6.56","6.60","6.56","537.71K","0.27%"
"09/26/2023","6.55","6.60","6.60","6.55","429.33K","-0.86%"
"09/25/2023","6.61","6.58","6.61","6.55","137.83K","0.00%"
"09/22/2023","6.61","6.58","6.61","6.58","799.58K","0.00%"
"09/21/2023","6.61","6.68","6.68","6.61","795.53K","-1.58%"
"09/20/2023","6.72","6.73","6.74","6.71","67.45K","0.28%"
"09/19/2023","6.70","6.74","6.75","6.69","195.03K","-0.72%"
"09/18/2023","6.75","6.76","6.76","6.74","33.64K","-0.27%"
"09/15/2023","6.76","6.85","6.85","6.76","32.22K","-0.71%"
"09/14/2023","6.81","6.74","6.82","6.74","10.01K","1.08%"
"09/13/2023","6.74","6.72","6.74","6.70","49.06K","0.00%"
"09/12/2023","6.74","6.75","6.76","6.73","41.70K","0.12%"
"09/11/2023","6.73","6.74","6.75","6.72","27.79K","-0.21%"
"09/08/2023","6.74","6.73","6.74","6.70","54.50K","0.33%"
"09/07/2023","6.72","6.72","6.73","6.70","49.86K","-0.13%"
"09/06/2023","6.73","6.76","6.76","6.73","62.78K","-0.97%"
"09/05/2023","6.80","6.76","6.80","6.76","52.66K","0.58%"
"09/04/2023","6.76","6.77","6.77","6.76","38.27K","0.00%"
"09/01/2023","6.76","6.72","6.76","6.72","56.50K","0.29%"
"08/31/2023","6.74","6.70","6.74","6.70","208.54K","0.97%"
"08/30/2023","6.67","6.68","6.69","6.65","321.92K","0.00%"
"08/29/2023","6.67","6.63","6.67","6.62","361.93K","0.98%"
"08/28/2023","6.61","6.59","6.63","6.59","42.92K","0.54%"
"08/25/2023","6.57","6.56","6.58","6.55","45.80K","0.00%"
"08/24/2023","6.57","6.65","6.65","6.57","61.68K","-0.23%"
"08/23/2023","6.59","6.55","6.59","6.55","107.96K","0.56%"
"08/22/2023","6.55","6.51","6.57","6.51","63.04K","1.05%"
"08/21/2023","6.48","6.49","6.51","6.48","50.31K","0.11%"
"08/18/2023","6.47","6.49","6.49","6.46","49.63K","-0.85%"
"08/17/2023","6.53","6.55","6.56","6.52","248.38K","-0.71%"
"08/16/2023","6.58","6.56","6.58","6.55","30.63K","-0.15%"
"08/15/2023","6.59","6.63","6.63","6.57","17.77K","-0.52%"
"08/14/2023","6.62","6.58","6.63","6.58","45.45K","0.90%"
"08/11/2023","6.56","6.57","6.58","6.55","110.10K","-0.50%"
"08/10/2023","6.60","6.58","6.60","6.57","48.80K","0.33%"
"08/09/2023","6.57","6.63","6.63","6.57","35.81K","-0.17%"
"08/08/2023","6.58","6.61","6.62","6.58","37.48K","-0.18%"
"08/07/2023","6.60","6.60","6.61","6.59","554.68K","-0.29%"
"08/04/2023","6.62","6.65","6.66","6.60","63.76K","-0.32%"
"08/03/2023","6.64","6.66","6.66","6.62","121.07K","-0.53%"
"08/02/2023","6.67","6.68","6.70","6.65","72.05K","-0.82%"
"08/01/2023","6.73","6.74","6.74","6.73","23.25K","0.36%"
"07/31/2023","6.70","6.70","6.72","6.70","13.88K","0.00%"
"07/28/2023","6.70","6.69","6.71","6.68","359.36K","-0.43%"
"07/27/2023","6.73","6.66","6.74","6.65","101.14K","1.46%"
"07/26/2023","6.64","6.66","6.66","6.63","94.41K","-0.41%"
"07/25/2023","6.66","6.64","6.67","6.63","41.31K","0.51%"
"07/24/2023","6.63","6.57","6.63","6.57","125.18K","0.45%"
"07/21/2023","6.60","6.58","6.60","6.58","15.39K","0.13%"
"07/20/2023","6.59","6.55","6.59","6.55","44.38K","0.08%"
"07/19/2023","6.59","6.55","6.59","6.55","80.19K","1.10%"
"07/18/2023","6.51","6.47","6.51","6.47","77.90K","0.45%"
"07/17/2023","6.49","6.46","6.49","6.45","18.09K","0.00%"
"07/14/2023","6.48","6.48","6.49","6.47","18.35K","0.17%"
"07/13/2023","6.47","6.48","6.49","6.47","6.11K","-0.30%"
"07/12/2023","6.49","6.49","6.52","6.49","62.44K","0.14%"
"07/11/2023","6.48","6.46","6.49","6.46","31.91K","0.26%"
"07/10/2023","6.46","6.45","6.48","6.45","27.90K","-0.50%"
"07/07/2023","6.50","6.52","6.53","6.50","16.52K","-0.20%"
"07/06/2023","6.51","6.57","6.58","6.51","41.65K","-1.30%"
"07/05/2023","6.59","6.58","6.60","6.55","113.08K","0.14%"
"07/04/2023","6.59","6.58","6.59","6.58","30.60K","0.15%"
"07/03/2023","6.58","6.58","6.59","6.56","47.86K","0.30%"
"06/30/2023","6.56","6.52","6.56","6.52","87.56K","0.83%"
"06/29/2023","6.50","6.47","6.50","6.46","47.74K","0.54%"
"06/28/2023","6.47","6.43","6.47","6.43","26.48K","0.98%"
"06/27/2023","6.40","6.40","6.40","6.37","57.82K","-0.13%"
"06/26/2023","6.41","6.43","6.44","6.41","76.96K","-0.39%"
"06/23/2023","6.44","6.44","6.47","6.44","32.03K","0.23%"
"06/22/2023","6.42","6.39","6.42","6.37","36.72K","-0.10%"
"06/21/2023","6.43","6.47","6.48","6.42","31.33K","-0.60%"
"06/20/2023","6.47","6.49","6.50","6.46","74.64K","-0.30%"
"06/19/2023","6.49","6.50","6.51","6.49","11.54K","-0.52%"
"06/16/2023","6.52","6.51","6.54","6.51","14.37K","0.42%"
"06/15/2023","6.49","6.50","6.50","6.46","37.64K","-0.30%"
"06/14/2023","6.51","6.52","6.53","6.50","32.59K","-0.08%"
"06/13/2023","6.52","6.49","6.52","6.48","14.94K","0.96%"
"06/12/2023","6.46","6.46","6.46","6.43","6.27K","0.25%"
"06/09/2023","6.44","6.41","6.46","6.41","55.30K","0.65%"
"06/08/2023","6.40","6.41","6.41","6.38","27.29K","-0.59%"
"06/07/2023","6.44","6.45","6.45","6.44","7.17K","-0.09%"
"06/06/2023","6.44","6.41","6.46","6.41","103.23K","-0.13%"
"06/05/2023","6.45","6.44","6.46","6.44","59.34K","0.55%"
"06/02/2023","6.42","6.33","6.42","6.32","50.89K","1.78%"
"06/01/2023","6.30","6.31","6.33","6.27","45.21K","0.20%"
"05/31/2023","6.29","6.31","6.34","6.29","51.54K","-0.36%"
"05/30/2023","6.31","6.34","6.36","6.31","21.54K","-0.35%"
"05/29/2023","6.34","6.33","6.34","6.33","44.89K","0.54%"
"05/26/2023","6.30","6.22","6.31","6.21","64.29K","1.51%"
"05/25/2023","6.21","6.20","6.24","6.19","272.19K","0.90%"
"05/24/2023","6.15","6.18","6.18","6.14","54.39K","-1.47%"
"05/23/2023","6.24","6.24","6.25","6.23","64.44K","-0.16%"
"05/22/2023","6.25","6.23","6.26","6.22","46.06K","0.43%"
"05/19/2023","6.23","6.27","6.28","6.23","62.65K","-0.20%"
"05/18/2023","6.24","6.18","6.25","6.18","16.34K","1.81%"
"05/17/2023","6.13","6.09","6.13","6.09","21.70K","0.44%"
"05/16/2023","6.10","6.10","6.11","6.10","90.45K","0.00%"
"05/15/2023","6.10","6.12","6.13","6.09","54.13K","0.22%"
"05/12/2023","6.09","6.09","6.12","6.09","11.05K","0.26%"
"05/11/2023","6.08","6.10","6.10","6.05","122.78K","0.44%"
"05/10/2023","6.05","6.04","6.08","6.02","195.13K","0.00%"
"05/09/2023","6.05","6.04","6.05","6.03","16.28K","0.46%"
"05/08/2023","6.03","6.01","6.03","6.01","2.50K","0.27%"
"05/05/2023","6.01","5.93","6.01","5.93","52.50K","1.38%"
"05/04/2023","5.93","5.94","5.96","5.92","19.97K","-1.01%"
"05/03/2023","5.99","6.01","6.01","5.98","16.68K","0.00%"
"05/02/2023","5.99","6.09","6.10","5.99","160.73K","-0.83%"
"04/28/2023","6.04","6.02","6.06","6.02","29.67K","1.11%"
"04/27/2023","5.97","5.91","5.97","5.91","80.17K","0.67%"
"04/26/2023","5.93","5.97","5.97","5.91","55.16K","-1.15%"
"04/25/2023","6.00","6.00","6.01","5.98","3.00K","-0.12%"
"04/24/2023","6.01","6.02","6.04","6.01","33.85K","-0.44%"
"04/21/2023","6.04","6.05","6.05","6.02","22.69K","-0.19%"
"04/20/2023","6.05","6.06","6.06","6.04","36.01K","-0.40%"
"04/19/2023","6.07","6.07","6.08","6.05","42.89K","-0.11%"
"04/18/2023","6.08","6.09","6.11","6.07","40.73K","0.00%"
"04/17/2023","6.07","6.06","6.09","6.06","16.97K","0.63%"
"04/14/2023","6.04","6.01","6.06","6.01","17.03K","0.89%"
"04/13/2023","5.98","6.00","6.00","5.95","20.36K","-0.37%"
"04/12/2023","6.01","6.04","6.05","6.00","47.45K","-0.61%"
"04/11/2023","6.04","6.07","6.07","6.03","24.84K","0.62%"
"04/06/2023","6.01","6.01","6.02","6.00","164.80K","0.00%"
"04/05/2023","6.01","6.01","6.01","6.00","49.52K","0.00%"
"04/04/2023","6.01","6.07","6.09","6.00","42.19K","-0.70%"
"04/03/2023","6.05","6.08","6.08","6.05","45.91K","0.35%"
"03/31/2023","6.03","5.97","6.03","5.97","6.33K","1.20%"
"03/30/2023","5.96","5.98","5.98","5.95","61.49K","0.36%"
"03/29/2023","5.94","5.93","5.94","5.92","134.33K","0.96%"
"03/28/2023","5.88","5.93","5.93","5.87","325.14K","-0.75%"
"03/27/2023","5.92","5.95","5.96","5.92","91.96K","0.74%"
"03/24/2023","5.88","5.87","5.89","5.84","88.21K","0.00%"
"03/23/2023","5.88","5.84","5.89","5.84","29.71K","-1.11%"
"03/22/2023","5.94","5.95","5.96","5.94","3.96K","0.20%"
"03/21/2023","5.93","5.92","5.94","5.92","66.70K","0.74%"
"03/20/2023","5.89","5.86","5.89","5.85","30.96K","-0.21%"
"03/17/2023","5.90","5.97","5.97","5.90","5.67K","-0.79%"
"03/16/2023","5.95","5.90","5.95","5.87","36.83K","1.46%"
"03/15/2023","5.86","5.85","5.89","5.81","63.96K","-0.20%"
"03/14/2023","5.87","5.80","5.88","5.79","34.60K","1.45%"
"03/13/2023","5.79","5.85","5.85","5.71","48.35K","-2.10%"
"03/10/2023","5.91","5.89","5.93","5.83","23.30K","-2.37%"
"03/09/2023","6.06","6.06","6.07","6.04","28.14K","0.12%"
"03/08/2023","6.05","6.07","6.08","6.05","152.36K","-0.40%"
"03/07/2023","6.07","6.08","6.10","6.07","33.99K","-0.60%"
"03/06/2023","6.11","6.10","6.12","6.09","39.91K","0.65%"
"03/03/2023","6.07","6.01","6.07","6.01","19.12K","1.89%"
"03/02/2023","5.96","5.91","5.97","5.91","9.07K","0.48%"
"03/01/2023","5.93","5.99","5.99","5.92","18.18K","-1.36%"
"02/28/2023","6.01","6.01","6.04","6.00","13.39K","-0.34%"
"02/27/2023","6.03","6.05","6.07","6.03","83.45K","0.39%"
"02/24/2023","6.01","6.06","6.06","6.00","6.54K","-0.27%"
"02/23/2023","6.03","6.05","6.07","6.03","37.79K","0.00%"
"02/22/2023","6.03","6.02","6.03","6.01","51.92K","0.00%"
"02/21/2023","6.03","6.09","6.09","6.03","73.09K","-1.12%"
"02/20/2023","6.10","6.10","6.11","6.10","7.04K","0.21%"
"02/17/2023","6.09","6.12","6.13","6.09","42.53K","-1.48%"
"02/16/2023","6.18","6.22","6.22","6.14","124.36K","-0.22%"
"02/15/2023","6.19","6.15","6.19","6.15","8.41K","1.02%"
"02/14/2023","6.13","6.17","6.18","6.13","73.60K","-0.48%"
"02/13/2023","6.16","6.12","6.16","6.12","21.33K","0.72%"
"02/10/2023","6.11","6.07","6.12","6.07","19.94K","-0.47%"
"02/09/2023","6.14","6.18","6.18","6.14","16.26K","0.00%"
"02/08/2023","6.14","6.19","6.20","6.14","379.82K","-0.25%"
"02/07/2023","6.16","6.15","6.16","6.14","73.60K","0.21%"
"02/06/2023","6.15","6.11","6.15","6.09","12.48K","-0.43%"
"02/03/2023","6.17","6.09","6.17","6.07","24.67K","0.70%"
"02/02/2023","6.13","6.01","6.13","6.01","44.37K","2.92%"
"02/01/2023","5.96","5.98","5.99","5.94","53.92K","0.00%"
"01/31/2023","5.96","5.94","5.96","5.91","49.45K","0.00%"
"01/30/2023","5.96","5.95","5.96","5.92","14.37K","-0.57%"
"01/27/2023","5.99","5.95","5.99","5.95","19.37K","1.06%"
"01/26/2023","5.93","5.90","5.93","5.90","9.61K","1.57%"
"01/25/2023","5.84","5.89","5.89","5.82","7.44K","-1.08%"
"01/24/2023","5.90","5.91","5.91","5.88","7.60K","-0.23%"
"01/23/2023","5.92","5.82","5.93","5.82","32.16K","1.95%"
"01/20/2023","5.80","5.77","5.80","5.75","10.99K","0.72%"
"01/19/2023","5.76","5.80","5.80","5.76","19.58K","-1.61%"
"01/18/2023","5.86","5.90","5.91","5.86","105.27K","-1.00%"
"01/17/2023","5.91","5.89","5.92","5.89","34.41K","0.15%"
"01/16/2023","5.91","5.90","5.91","5.89","1.68K","0.51%"
"01/13/2023","5.88","5.87","5.88","5.84","43.87K","0.13%"
"01/12/2023","5.87","5.90","5.90","5.85","58.05K","0.17%"
"01/11/2023","5.86","5.83","5.86","5.83","12.86K","1.06%"
"01/10/2023","5.80","5.79","5.81","5.78","22.45K","-1.28%"
"01/09/2023","5.87","5.83","5.87","5.83","5.64K","0.67%"
"01/06/2023","5.83","5.79","5.83","5.79","41.63K","0.82%"
"01/05/2023","5.78","5.79","5.81","5.77","14.96K","-0.69%"
"01/04/2023","5.82","5.79","5.82","5.77","8.23K","0.95%"
"01/03/2023","5.77","5.81","5.88","5.77","48.05K","-1.43%"
"01/02/2023","5.85","5.82","5.87","5.79","61.00K","2.28%"
"12/30/2022","5.72","5.75","5.75","5.72","2.07K","-0.74%"
"12/29/2022","5.77","5.70","5.77","5.69","35.22K","0.74%"
"12/28/2022","5.72","5.77","5.77","5.72","6.80K","-0.55%"
"12/27/2022","5.75","5.84","5.84","5.74","6.25K","-0.13%"
"12/23/2022","5.76","5.76","5.77","5.75","0.76K","0.29%"
"12/22/2022","5.75","5.83","5.83","5.74","2.23K","-1.71%"
"12/21/2022","5.85","5.77","5.85","5.76","57.19K","1.97%"
"12/20/2022","5.73","5.70","5.75","5.70","40.95K","-0.46%"
"12/19/2022","5.76","5.80","5.82","5.76","67.15K","-0.61%"
"12/16/2022","5.79","5.84","5.84","5.78","19.38K","-0.92%"
"12/15/2022","5.85","5.97","5.97","5.84","36.86K","-3.59%"
"12/14/2022","6.07","6.05","6.07","6.02","1.30K","-0.24%"
"12/13/2022","6.08","6.05","6.09","6.05","3.85K","1.54%"
"12/12/2022","5.99","5.97","6.00","5.96","16.18K","-0.35%"
"12/09/2022","6.01","6.01","6.02","5.99","30.34K","0.36%"
"12/08/2022","5.99","5.98","6.01","5.98","16.51K","0.15%"
"12/07/2022","5.98","6.03","6.03","5.94","34.82K","-0.52%"
"12/06/2022","6.01","6.09","6.10","6.00","50.42K","-1.58%"
"12/05/2022","6.11","6.14","6.14","6.10","8.40K","-0.81%"
"12/02/2022","6.16","6.18","6.19","6.13","32.17K","-0.60%"
"12/01/2022","6.19","6.26","6.26","6.18","54.52K","1.15%"
"11/30/2022","6.12","6.11","6.12","6.08","39.77K","0.66%"
"11/29/2022","6.08","6.12","6.12","6.08","17.04K","-0.80%"
"11/28/2022","6.13","6.16","6.16","6.08","25.37K","-0.81%"
"11/25/2022","6.18","6.18","6.20","6.17","8.29K","-0.14%"
"11/24/2022","6.19","6.18","6.20","6.18","3.22K","0.00%"
"11/23/2022","6.19","6.19","6.21","6.19","31.99K","0.31%"
"11/22/2022","6.17","6.13","6.17","6.13","12.25K","0.52%"
"11/21/2022","6.14","6.14","6.16","6.13","9.56K","0.61%"
"11/18/2022","6.10","6.06","6.13","6.06","29.17K","0.78%"
"11/17/2022","6.06","6.11","6.11","6.04","59.47K","-0.51%"
"11/16/2022","6.09","6.14","6.14","6.07","6.55K","-1.42%"
"11/15/2022","6.18","6.11","6.18","6.10","73.12K","0.41%"
"11/14/2022","6.15","6.15","6.17","6.14","113.55K","0.67%"
"11/11/2022","6.11","6.19","6.20","6.11","30.19K","-0.58%"
"11/10/2022","6.14","5.98","6.14","5.98","34.30K","2.04%"
"11/09/2022","6.02","6.06","6.06","6.02","52.12K","-1.22%"
"11/08/2022","6.10","6.05","6.10","6.05","23.01K","0.95%"
"11/07/2022","6.04","6.02","6.06","6.02","117.82K","0.77%"
"11/04/2022","5.99","6.08","6.11","5.99","27.84K","-1.82%"
"11/03/2022","6.10","6.13","6.13","6.07","52.38K","-1.24%"
"11/02/2022","6.18","6.23","6.23","6.18","6.61K","-0.77%"
"11/01/2022","6.23","6.26","6.27","6.21","7.56K","-0.22%"
"10/31/2022","6.24","6.24","6.27","6.22","10.66K","0.91%"
"10/28/2022","6.19","6.03","6.19","6.03","3.25K","1.20%"
"10/27/2022","6.11","6.08","6.13","6.08","18.55K","-0.42%"
"10/26/2022","6.14","6.11","6.14","6.08","9.92K","0.00%"
"10/25/2022","6.14","6.14","6.14","6.11","18.96K","0.83%"
"10/24/2022","6.09","6.09","6.12","6.04","45.48K","1.41%"
"10/21/2022","6.01","5.96","6.01","5.94","1.87K","-0.38%"
"10/20/2022","6.03","6.00","6.05","5.99","3.49K","0.17%"
"10/19/2022","6.02","6.04","6.07","6.02","6.30K","0.60%"
"10/18/2022","5.98","6.03","6.08","5.98","35.78K","0.23%"
"10/17/2022","5.97","5.93","5.99","5.90","22.12K","0.80%"
"10/14/2022","5.92","6.01","6.03","5.92","22.18K","0.42%"
"10/13/2022","5.90","5.87","5.93","5.76","34.09K","0.00%"
"10/12/2022","5.90","5.91","5.94","5.90","7.28K","-0.22%"
"10/11/2022","5.91","5.88","5.91","5.88","6.15K","-0.47%"
"10/10/2022","5.94","5.94","5.99","5.92","34.46K","-0.57%"
"10/07/2022","5.97","6.07","6.09","5.97","17.72K","-2.32%"
"10/06/2022","6.11","6.08","6.12","6.04","75.62K","1.25%"
"10/05/2022","6.04","6.01","6.04","6.01","16.18K","0.00%"
"10/04/2022","6.04","5.99","6.05","5.98","27.99K","1.94%"
"10/03/2022","5.92","5.86","5.93","5.81","15.31K","-0.30%"
"09/30/2022","5.94","5.93","5.96","5.92","22.42K","0.33%"
"09/29/2022","5.92","6.07","6.07","5.92","38.48K","-2.66%"
"09/28/2022","6.08","6.06","6.09","6.01","47.11K","0.19%"
"09/27/2022","6.07","6.09","6.13","6.07","108.86K","-0.19%"
"09/26/2022","6.08","6.05","6.11","6.04","36.76K","0.72%"
"09/23/2022","6.04","6.08","6.09","6.03","20.64K","-0.73%"
"09/22/2022","6.09","6.10","6.13","6.08","31.51K","-2.47%"
"09/21/2022","6.24","6.18","6.24","6.18","76.92K","1.47%"
"09/20/2022","6.15","6.20","6.20","6.13","29.95K","0.16%"
"09/19/2022","6.14","6.14","6.18","6.11","59.81K","0.31%"
"09/16/2022","6.12","6.16","6.18","6.11","30.33K","-1.89%"
"09/15/2022","6.24","6.31","6.31","6.22","12.51K","-0.64%"
"09/14/2022","6.28","6.30","6.30","6.25","4.25K","-0.87%"
"09/13/2022","6.33","6.47","6.47","6.33","52.76K","-1.90%"
"09/12/2022","6.46","6.38","6.46","6.37","15.50K","0.45%"
"09/09/2022","6.43","6.35","6.43","6.35","4.79K","0.45%"
"09/08/2022","6.40","6.34","6.40","6.30","13.39K","1.57%"
"09/07/2022","6.30","6.26","6.31","6.26","8.86K","-0.16%"
"09/06/2022","6.31","6.30","6.34","6.27","13.25K","0.00%"
"09/05/2022","6.31","6.33","6.33","6.29","15.45K","-0.90%"
"09/02/2022","6.36","6.32","6.36","6.30","119.61K","1.40%"
"09/01/2022","6.28","6.25","6.28","6.22","105.09K","-0.28%"
"08/31/2022","6.29","6.36","6.37","6.29","4.43K","-0.58%"
"08/30/2022","6.33","6.43","6.45","6.33","38.35K","-1.33%"
"08/29/2022","6.42","6.46","6.46","6.38","55.29K","-1.99%"
"08/26/2022","6.55","6.70","6.70","6.55","42.25K","-1.35%"
"08/25/2022","6.64","6.65","6.65","6.62","2.10K","0.39%"
"08/24/2022","6.61","6.59","6.62","6.58","5.47K","0.43%"
"08/23/2022","6.58","6.62","6.64","6.58","20.11K","-1.01%"
"08/22/2022","6.65","6.67","6.67","6.62","5.75K","-0.54%"
"08/19/2022","6.69","6.72","6.72","6.69","3.04K","-0.47%"
"08/18/2022","6.72","6.66","6.72","6.66","361.65K","0.85%"
"08/17/2022","6.66","6.72","6.72","6.66","6.79K","-0.80%"
"08/16/2022","6.71","6.71","6.73","6.67","15.81K","0.78%"
"08/15/2022","6.66","6.62","6.66","6.61","8.87K","1.34%"
"08/12/2022","6.57","6.49","6.57","6.49","8.15K","1.11%"
"08/11/2022","6.50","6.50","6.53","6.48","150.34K","0.85%"
"08/10/2022","6.45","6.40","6.45","6.40","149.06K","0.65%"
"08/09/2022","6.41","6.45","6.45","6.40","20.39K","-1.07%"
"08/08/2022","6.48","6.49","6.52","6.47","985.07K","0.64%"
"08/05/2022","6.43","6.45","6.47","6.42","1.81M","0.00%"
"08/04/2022","6.44","6.47","6.49","6.43","23.36K","-0.56%"
"08/03/2022","6.47","6.39","6.47","6.38","97.46K","1.30%"
"08/02/2022","6.39","6.35","6.41","6.34","146.82K","0.00%"
"08/01/2022","6.39","6.39","6.39","6.35","26.34K","0.24%"
"07/29/2022","6.37","6.34","6.43","6.34","64.77K","0.97%"
"07/28/2022","6.31","6.24","6.31","6.22","36.56K","1.43%"
"07/27/2022","6.22","6.18","6.23","6.16","10.54K","1.20%"
"07/26/2022","6.15","6.15","6.18","6.14","38.90K","-0.34%"
"07/25/2022","6.17","6.16","6.18","6.13","5.97K","0.00%"
"07/22/2022","6.16","6.19","6.23","6.16","26.38K","-0.15%"
"07/21/2022","6.17","6.15","6.17","6.15","35.41K","0.14%"
"07/20/2022","6.16","6.11","6.17","6.10","39.46K","1.78%"
"07/19/2022","6.06","6.00","6.06","5.94","1.34K","-0.35%"
"07/18/2022","6.08","6.09","6.12","6.06","15.01K","0.27%"
"07/15/2022","6.06","6.00","6.06","5.98","7.61K","2.21%"
"07/14/2022","5.93","6.00","6.00","5.93","5.02K","-0.70%"
"07/13/2022","5.97","6.05","6.06","5.96","30.61K","-1.76%"
"07/12/2022","6.08","6.07","6.08","6.05","7.67K","0.16%"
"07/11/2022","6.07","6.06","6.09","6.06","1.53K","-0.41%"
"07/08/2022","6.10","6.07","6.10","6.06","3.83K","0.51%"
"07/07/2022","6.06","6.00","6.07","5.99","8.39K","1.95%"
"07/06/2022","5.95","5.93","5.97","5.91","2.65K","2.49%"
"07/05/2022","5.80","5.84","5.86","5.80","2.32K","0.13%"
"07/04/2022","5.80","5.79","5.80","5.76","9.57K","0.49%"
"07/01/2022","5.77","5.68","5.79","5.68","7.25K","0.72%"
"06/30/2022","5.73","5.72","5.76","5.69","214.12K","-0.99%"
"06/29/2022","5.78","5.75","5.78","5.74","9.18K","-0.77%"
"06/28/2022","5.83","5.87","5.90","5.83","2.61K","-0.41%"
"06/27/2022","5.85","5.87","5.90","5.85","10.41K","0.36%"
"06/24/2022","5.83","5.74","5.83","5.74","8.85K","2.59%"
"06/23/2022","5.68","5.62","5.71","5.62","49.54K","0.30%"
"06/22/2022","5.67","5.61","5.67","5.57","24.92K","0.18%"
"06/21/2022","5.66","5.60","5.66","5.60","1.45K","1.30%"
"06/20/2022","5.58","5.56","5.58","5.56","2.45K","0.44%"
"06/17/2022","5.56","5.56","5.60","5.53","38.46K","0.31%"
"06/16/2022","5.54","5.72","5.72","5.54","27.20K","-3.44%"
"06/15/2022","5.74","5.68","5.77","5.67","5.74K","0.82%"
"06/14/2022","5.69","5.76","5.76","5.69","35.13K","-0.78%"
"06/13/2022","5.74","5.79","5.79","5.72","12.43K","-2.38%"
"06/10/2022","5.88","5.99","6.02","5.88","32.10K","-3.38%"
"06/09/2022","6.08","6.08","6.11","6.04","152.29K","-0.77%"
"06/08/2022","6.13","6.14","6.14","6.10","4.80K","0.50%"
"06/07/2022","6.10","6.07","6.12","6.06","5.44K","-0.38%"
"06/06/2022","6.12","6.10","6.14","6.10","3.76K","0.88%"
"06/03/2022","6.07","6.15","6.15","6.07","2.13K","0.00%"
"06/02/2022","6.07","6.09","6.11","6.05","11.86K","-0.16%"
"06/01/2022","6.08","6.12","6.15","6.08","17.33K","0.00%"
"05/31/2022","6.08","6.11","6.13","6.08","4.39K","-0.96%"
"05/30/2022","6.14","6.17","6.17","6.14","2.53K","0.67%"
"05/27/2022","6.10","5.98","6.10","5.98","4.72K","2.26%"
"05/26/2022","5.97","5.89","5.97","5.89","7.98K","1.85%"
"05/25/2022","5.86","5.87","5.88","5.83","4.11K","2.20%"
"05/24/2022","5.73","5.80","5.82","5.73","70.75K","-2.58%"
"05/23/2022","5.89","5.89","5.89","5.83","168.79K","1.26%"
"05/20/2022","5.81","5.87","5.90","5.79","12.66K","-0.70%"
"05/19/2022","5.85","5.92","5.92","5.83","2.82K","-2.34%"
"05/18/2022","5.99","6.13","6.13","5.99","4.37K","-1.74%"
"05/17/2022","6.10","6.10","6.13","6.05","0.23K","0.45%"
"05/16/2022","6.07","6.08","6.09","6.06","0.84K","-0.65%"
"05/13/2022","6.11","6.02","6.12","6.02","26.08K","2.42%"
"05/12/2022","5.97","5.90","5.99","5.90","62.15K","-1.11%"
"05/11/2022","6.03","6.02","6.06","5.97","8.39K","0.97%"
"05/10/2022","5.98","6.04","6.05","5.97","2.99K","-0.75%"
"05/09/2022","6.02","6.16","6.16","6.02","7.75K","-2.24%"
"05/06/2022","6.16","6.23","6.23","6.10","27.35K","-1.64%"
"05/05/2022","6.26","6.39","6.39","6.24","9.52K","0.74%"
"05/04/2022","6.22","6.28","6.29","6.22","16.59K","-1.08%"
"05/03/2022","6.28","6.26","6.28","6.22","12.20K","1.37%"
"05/02/2022","6.20","6.23","6.24","6.19","51.47K","-2.17%"
"04/29/2022","6.34","6.41","6.41","6.32","61.41K","0.00%"
"04/28/2022","6.34","6.36","6.40","6.31","7.81K","0.29%"
"04/27/2022","6.32","6.24","6.32","6.24","55.83K","1.18%"
"04/26/2022","6.25","6.33","6.34","6.25","41.54K","0.21%"
"04/25/2022","6.23","6.25","6.27","6.22","10.31K","-1.72%"
"04/22/2022","6.34","6.42","6.42","6.34","3.58K","-2.66%"
"04/21/2022","6.52","6.49","6.53","6.48","0.90K","0.08%"
"04/20/2022","6.51","6.49","6.53","6.49","40.78K","0.00%"
"04/19/2022","6.51","6.45","6.51","6.42","2.10K","0.50%"
"04/14/2022","6.48","6.44","6.50","6.43","7.66K","0.59%"
"04/13/2022","6.44","6.45","6.45","6.42","0.91K","-0.61%"
"04/12/2022","6.48","6.40","6.48","6.40","13.02K","0.66%"
"04/11/2022","6.44","6.49","6.49","6.43","37.64K","-1.63%"
"04/08/2022","6.55","6.56","6.56","6.52","2.01K","1.27%"
"04/07/2022","6.46","6.49","6.51","6.46","1.81K","0.00%"
"04/06/2022","6.47","6.57","6.57","6.47","4.87K","-1.91%"
"04/05/2022","6.59","6.59","6.60","6.58","51.95K","0.54%"
"04/04/2022","6.56","6.51","6.56","6.50","26.62K","1.28%"
"04/01/2022","6.47","6.50","6.52","6.47","6.99K","-0.85%"
"03/31/2022","6.53","6.52","6.56","6.52","4.66K","0.12%"
"03/30/2022","6.52","6.57","6.57","6.52","3.78K","-0.48%"
"03/29/2022","6.55","6.57","6.59","6.55","1.16K","0.53%"
"03/28/2022","6.52","6.53","6.54","6.52","5.42K","0.45%"
"03/25/2022","6.49","6.48","6.51","6.47","96.16K","0.84%"
"03/24/2022","6.44","6.44","6.46","6.42","1.90K","0.00%"
"03/23/2022","6.43","6.45","6.46","6.43","16.12K","-0.23%"
"03/22/2022","6.45","6.41","6.45","6.41","6.68K","1.39%"
"03/21/2022","6.36","6.36","6.39","6.36","7.23K","0.65%"
"03/18/2022","6.32","6.26","6.32","6.26","8.64K","1.62%"
"03/17/2022","6.22","6.23","6.24","6.20","25.11K","0.16%"
"03/16/2022","6.21","6.19","6.21","6.18","88.34K","1.55%"
"03/15/2022","6.11","5.97","6.11","5.96","11.25K","1.50%"
"03/14/2022","6.02","6.11","6.11","6.02","3.14K","-1.66%"
"03/11/2022","6.12","6.12","6.19","6.12","2.81K","1.50%"
"03/10/2022","6.03","6.09","6.09","6.03","13.55K","-0.75%"
"03/09/2022","6.08","6.07","6.10","6.07","63.11K","0.66%"
"03/08/2022","6.04","6.06","6.11","6.04","1.81K","-2.36%"
"03/07/2022","6.18","6.18","6.24","6.17","2.66K","-0.21%"
"03/04/2022","6.20","6.23","6.23","6.20","5.22K","-0.44%"
"03/03/2022","6.22","6.24","6.24","6.22","","0.25%"
"03/02/2022","6.21","6.12","6.21","6.12","75.41K","1.30%"
"03/01/2022","6.13","6.18","6.18","6.13","26.71K","-0.32%"
"02/28/2022","6.15","6.09","6.15","6.09","0.28K","0.64%"
"02/25/2022","6.11","5.99","6.11","5.97","19.96K","3.30%"
"02/24/2022","5.91","5.80","5.91","5.80","4.34K","-0.91%"
"02/23/2022","5.97","6.02","6.03","5.96","13.02K","-0.61%"
"02/22/2022","6.01","5.96","6.04","5.96","53.67K","0.27%"
"02/21/2022","5.99","6.07","6.07","5.99","2.80K","-1.08%"
"02/18/2022","6.05","6.10","6.11","6.05","29.96K","-1.23%"
"02/17/2022","6.13","6.19","6.19","6.12","6.72K","-0.45%"
"02/16/2022","6.16","6.18","6.20","6.15","10.02K","-0.61%"
"02/15/2022","6.20","6.13","6.21","6.13","9.96K","0.84%"
"02/14/2022","6.14","6.14","6.15","6.10","3.85K","-0.85%"
"02/11/2022","6.20","6.21","6.24","6.20","1.69K","-0.85%"
"02/10/2022","6.25","6.32","6.32","6.25","1.28K","-0.82%"
"02/09/2022","6.30","6.26","6.31","6.26","103.06K","1.30%"
"02/08/2022","6.22","6.19","6.22","6.17","80.99K","0.46%"
"02/07/2022","6.19","6.21","6.22","6.18","25.49K","0.44%"
"02/04/2022","6.17","6.22","6.22","6.12","26.64K","-1.05%"
"02/03/2022","6.23","6.34","6.34","6.23","7.42K","-1.79%"
"02/02/2022","6.34","6.37","6.39","6.34","106.86K","0.40%"
"02/01/2022","6.32","6.30","6.33","6.29","42.47K","0.83%"
"01/31/2022","6.27","6.24","6.28","6.23","65.74K","1.87%"
"01/28/2022","6.15","6.15","6.15","6.04","57.92K","-1.16%"
"01/27/2022","6.23","6.06","6.23","6.06","77.16K","0.95%"
"01/26/2022","6.17","6.10","6.17","6.10","4.87K","2.41%"
"01/25/2022","6.02","6.06","6.09","6.00","35.28K","0.97%"
"01/24/2022","5.96","6.15","6.15","5.96","117.41K","-4.09%"
"01/21/2022","6.22","6.22","6.22","6.14","61.09K","-2.55%"
"01/20/2022","6.38","6.31","6.38","6.29","55.66K","0.76%"
"01/19/2022","6.33","6.31","6.39","6.31","4.03K","-0.53%"
"01/18/2022","6.37","6.40","6.40","6.36","9.25K","-1.16%"
"01/17/2022","6.44","6.42","6.45","6.42","47.57K","0.86%"
"01/14/2022","6.39","6.40","6.42","6.35","25.42K","-1.53%"
"01/13/2022","6.49","6.47","6.50","6.47","0.11K","-0.37%"
"01/12/2022","6.51","6.54","6.54","6.50","3.32K","0.34%"
"01/11/2022","6.49","6.49","6.51","6.44","26.33K","1.29%"
"01/10/2022","6.40","6.51","6.51","6.40","50.91K","-1.34%"
"01/07/2022","6.49","6.53","6.55","6.48","52.27K","-0.83%"
"01/06/2022","6.55","6.55","6.55","6.54","4.03K","-1.52%"
"01/05/2022","6.65","6.67","6.67","6.64","11.34K","-0.49%"
"01/04/2022","6.68","6.69","6.71","6.68","0.73K","0.54%"
"01/03/2022","6.64","6.64","6.65","6.63","6.01K","-0.26%"
"12/30/2021","6.66","6.66","6.67","6.66","3.69K","0.40%"
"12/29/2021","6.63","6.68","6.69","6.63","0.77K","-0.38%"
"12/28/2021","6.66","6.66","6.67","6.66","1.28K","0.56%"
"12/27/2021","6.62","6.56","6.62","6.56","3.39K","0.65%"
"12/23/2021","6.58","6.53","6.58","6.53","0.42K","1.14%"
"12/22/2021","6.50","6.48","6.50","6.46","4.09K","1.22%"
"12/21/2021","6.43","6.40","6.43","6.39","27.77K","1.86%"
"12/20/2021","6.31","6.37","6.38","6.31","17.79K","-2.57%"
"12/17/2021","6.48","6.50","6.50","6.45","1.90K","-1.01%"
"12/16/2021","6.54","6.58","6.60","6.53","6.99K","1.52%"
"12/15/2021","6.44","6.48","6.48","6.44","2.31K","0.00%"
"12/14/2021","6.44","6.54","6.54","6.44","27.84K","-1.05%"
"12/13/2021","6.51","6.57","6.60","6.51","5.68K","0.10%"
"12/10/2021","6.50","6.51","6.56","6.50","1.65K","-0.46%"
"12/09/2021","6.53","6.52","6.53","6.50","27.30K","0.66%"
"12/08/2021","6.49","6.54","6.56","6.49","61.00K","-0.99%"
"12/07/2021","6.56","6.45","6.56","6.45","42.88K","2.65%"
"12/06/2021","6.39","6.36","6.40","6.34","3.27K","1.20%"
"12/03/2021","6.31","6.38","6.39","6.31","4.12K","-0.28%"
"12/02/2021","6.33","6.29","6.33","6.26","0.84K","-1.79%"
"12/01/2021","6.44","6.38","6.44","6.38","11.01K","0.81%"
"11/30/2021","6.39","6.39","6.41","6.38","26.14K","-1.29%"
"11/29/2021","6.48","6.47","6.48","6.44","74.48K","1.50%"
"11/26/2021","6.38","6.46","6.46","6.38","5.18K","-3.24%"
"11/25/2021","6.59","6.61","6.61","6.59","27.81K","0.20%"
"11/24/2021","6.58","6.55","6.58","6.55","102.44K","1.19%"
"11/23/2021","6.50","6.53","6.54","6.50","2.36K","-1.47%"
"11/22/2021","6.60","6.57","6.62","6.57","16.99K","0.98%"
"11/19/2021","6.54","6.54","6.55","6.52","628.54K","0.63%"
"11/18/2021","6.50","6.50","6.53","6.47","72.13K","-0.30%"
"11/17/2021","6.52","6.53","6.53","6.51","134.55K","-0.09%"
"11/16/2021","6.52","6.47","6.52","6.46","16.17K","1.21%"
"11/15/2021","6.44","6.43","6.45","6.43","67.62K","0.31%"
"11/12/2021","6.42","6.38","6.42","6.38","49.02K","0.66%"
"11/11/2021","6.38","6.37","6.39","6.37","24.51K","0.14%"
"11/10/2021","6.37","6.36","6.38","6.34","0.76K","0.39%"
"11/09/2021","6.35","6.35","6.38","6.35","0.19K","-0.36%"
"11/08/2021","6.37","6.37","6.38","6.37","75.16K","-0.35%"
"11/05/2021","6.39","6.35","6.42","6.35","3.30K","0.70%"
"11/04/2021","6.35","6.33","6.35","6.33","10.78K","1.28%"
"11/03/2021","6.27","6.27","6.27","6.27","3.34K","-0.11%"
"11/02/2021","6.28","6.23","6.28","6.23","2.96K","0.57%"
"11/01/2021","6.24","6.26","6.27","6.24","80.83K","0.00%"
"10/29/2021","6.24","6.15","6.24","6.15","0.45K","1.19%"
"10/28/2021","6.16","6.17","6.18","6.16","0.27K","-0.39%"
"10/27/2021","6.19","6.19","6.19","6.18","2.28K","-0.31%"
"10/26/2021","6.21","6.20","6.21","6.19","20.87K","0.78%"
"10/25/2021","6.16","6.13","6.16","6.13","0.10K","0.73%"
"10/22/2021","6.12","6.13","6.14","6.12","0.44K","0.17%"
"10/21/2021","6.10","6.09","6.11","6.09","0.40K","0.00%"
"10/20/2021","6.11","6.09","6.11","6.09","0.47K","0.40%"
"10/19/2021","6.09","6.05","6.09","6.05","0.26K","0.49%"
"10/18/2021","6.06","6.03","6.06","6.03","24.49K","0.21%"
"10/15/2021","6.04","6.01","6.04","6.01","0.62K","0.82%"
"10/14/2021","5.99","5.92","5.99","5.92","0.11K","1.88%"
"10/13/2021","5.88","5.89","5.91","5.88","0.44K","-0.77%"
"10/12/2021","5.93","5.87","5.93","5.87","3.27K","-0.83%"
"10/11/2021","5.98","5.93","5.98","5.93","0.16K","0.24%"
"10/08/2021","5.96","5.99","5.99","5.96","0.22K","-0.60%"
"10/07/2021","6.00","5.95","6.01","5.95","0.32K","2.45%"
"10/06/2021","5.86","5.85","5.86","5.84","30.08K","-0.67%"
"10/05/2021","5.90","5.82","5.90","5.82","0.24K","1.95%"
"10/04/2021","5.78","5.86","5.87","5.78","3.67K","-1.14%"
"10/01/2021","5.85","5.78","5.85","5.78","0.82K","-0.62%"
"09/30/2021","5.89","5.94","5.94","5.89","9.81K","-0.26%"
"09/29/2021","5.90","5.88","5.90","5.88","0.62K","0.72%"
"09/28/2021","5.86","5.94","5.95","5.86","2.76K","-1.68%"
"09/27/2021","5.96","5.99","5.99","5.96","7.95K","0.25%"
"09/24/2021","5.95","5.93","5.96","5.92","5.90K","0.00%"
"09/23/2021","5.95","5.91","5.95","5.91","0.60K","1.09%"
"09/22/2021","5.88","5.85","5.88","5.85","0.71K","0.39%"
"09/21/2021","5.86","5.86","5.88","5.82","0.08K","0.61%"
"09/20/2021","5.82","5.87","5.87","5.82","0.80K","-1.77%"
"09/17/2021","5.93","5.97","5.97","5.93","0.35K","-0.10%"
"09/16/2021","5.93","5.95","5.97","5.93","5.67K","0.42%"
"09/15/2021","5.91","5.91","5.91","5.90","0.20K","0.00%"
"09/14/2021","5.91","5.93","5.94","5.90","9.32K","-0.16%"
"09/13/2021","5.92","5.96","5.97","5.92","0.60K","-0.34%"
"09/10/2021","5.94","5.97","5.98","5.94","0.35K","-0.68%"
"09/09/2021","5.98","5.95","5.98","5.95","1.15K","0.16%"
"09/08/2021","5.97","5.98","5.99","5.97","14.68K","-0.11%"
"09/07/2021","5.98","5.99","6.00","5.97","1.63K","-0.45%"
"09/06/2021","6.01","5.99","6.01","5.99","0.02K","0.40%"
"09/03/2021","5.98","5.99","6.00","5.97","119.30K","-0.32%"
"09/02/2021","6.00","5.99","6.00","5.99","0.38K","0.18%"
"09/01/2021","5.99","6.02","6.02","5.99","0.62K","-0.41%"
"08/31/2021","6.01","6.01","6.01","5.99","11.39K","-0.13%"
"08/30/2021","6.02","5.99","6.02","5.99","3.79K","0.66%"
"08/27/2021","5.98","5.96","5.98","5.96","2.27K","0.29%"
"08/26/2021","5.97","5.98","5.98","5.97","0.06K","-0.42%"
"08/25/2021","5.99","5.99","5.99","5.98","2.47K","0.15%"
"08/24/2021","5.98","5.99","5.99","5.98","0.20K","0.00%"
"08/23/2021","5.98","5.96","5.98","5.95","5.24K","0.64%"
"08/20/2021","5.95","5.89","5.95","5.88","0.08K","0.91%"
"08/19/2021","5.89","5.86","5.90","5.84","37.33K","-0.84%"
"08/18/2021","5.94","5.95","5.95","5.93","0.33K","-0.11%"
"08/17/2021","5.95","5.93","5.95","5.93","8.03K","0.54%"
"08/16/2021","5.92","5.91","5.93","5.91","1.06K","-0.11%"
"08/13/2021","5.92","5.95","5.96","5.92","4.47K","-0.16%"
"08/12/2021","5.93","5.92","5.93","5.92","","0.23%"
"08/11/2021","5.92","5.93","5.93","5.92","0.04K","0.00%"
"08/10/2021","5.92","5.91","5.92","5.91","0.35K","0.40%"
"08/09/2021","5.90","5.89","5.90","5.89","4.95K","0.11%"
"08/06/2021","5.89","5.86","5.89","5.86","0.01K","0.94%"
"08/05/2021","5.84","5.82","5.84","5.82","62.77K","0.31%"
"08/04/2021","5.82","5.82","5.83","5.80","60.67K","0.40%"
"08/03/2021","5.80","5.79","5.80","5.79","0.42K","-0.23%"
"08/02/2021","5.81","5.82","5.83","5.81","4.36K","0.21%"
"07/30/2021","5.80","5.77","5.80","5.77","3.71K","-0.43%"
"07/29/2021","5.82","5.81","5.82","5.81","2.15K","-0.17%"
"07/28/2021","5.83","5.82","5.84","5.82","0.05K","0.63%"
"07/27/2021","5.80","5.85","5.86","5.80","0.11K","-0.89%"
"07/26/2021","5.85","5.84","5.85","5.83","10.89K","-0.15%"
"07/23/2021","5.86","5.82","5.86","5.82","3.50K","1.19%"
"07/22/2021","5.79","5.79","5.79","5.76","0.09K","0.42%"
"07/21/2021","5.76","5.74","5.77","5.74","19.90K","0.56%"
"07/20/2021","5.73","5.68","5.73","5.67","0.11K","1.43%"
"07/19/2021","5.65","5.72","5.72","5.65","22.76K","-1.84%"
"07/16/2021","5.76","5.77","5.79","5.76","0.40K","-0.39%"
"07/15/2021","5.78","5.78","5.78","5.76","46.37K","0.00%"
"07/14/2021","5.78","5.79","5.79","5.78","0.27K","-0.49%"
"07/13/2021","5.81","5.77","5.81","5.77","107.09K","0.76%"
"07/12/2021","5.77","5.75","5.77","5.73","16.80K","0.24%"
"07/09/2021","5.75","5.72","5.75","5.72","","1.15%"
"07/08/2021","5.69","5.74","5.74","5.66","52.25K","-1.29%"
"07/07/2021","5.76","5.74","5.76","5.74","0.62K","0.76%"
"07/06/2021","5.72","5.71","5.74","5.71","1.50K","-0.29%"
"07/05/2021","5.73","5.72","5.74","5.72","2.83K","0.31%"
"07/02/2021","5.72","5.70","5.72","5.70","0.07K","0.68%"
"07/01/2021","5.68","5.68","5.68","5.66","0.29K","0.30%"
"06/30/2021","5.66","5.64","5.66","5.64","0.25K","0.49%"
"06/29/2021","5.63","5.62","5.64","5.62","4.17K","0.60%"
"06/28/2021","5.60","5.61","5.61","5.60","0.01K","0.10%"
"06/25/2021","5.59","5.58","5.59","5.58","","0.20%"
"06/24/2021","5.58","5.57","5.58","5.57","","0.55%"
"06/23/2021","5.55","5.58","5.58","5.55","0.01K","-0.19%"
"06/22/2021","5.56","5.55","5.56","5.54","0.05K","0.61%"
"06/21/2021","5.53","5.47","5.53","5.47","","0.47%"
"06/18/2021","5.50","5.55","5.55","5.50","0.41K","-0.65%"
"06/17/2021","5.54","5.48","5.54","5.48","23.04K","1.22%"
"06/16/2021","5.47","5.47","5.47","5.47","3.00K","0.21%"
"06/15/2021","5.46","5.49","5.49","5.46","0.41K","0.00%"
"06/14/2021","5.46","5.48","5.48","5.46","3.10K","-0.24%"
"06/11/2021","5.47","5.43","5.47","5.43","","0.61%"
"06/10/2021","5.44","5.42","5.44","5.42","0.40K","0.31%"
"06/09/2021","5.42","5.42","5.42","5.42","0.00K","0.30%"
"06/08/2021","5.40","5.42","5.43","5.40","1.10K","0.10%"
"06/07/2021","5.40","5.43","5.43","5.40","1.00K","-0.30%"
"06/04/2021","5.42","5.40","5.42","5.40","0.35K","0.21%"
"06/03/2021","5.40","5.39","5.40","5.35","","0.29%"
"06/02/2021","5.39","5.37","5.39","5.37","0.05K","0.41%"
"06/01/2021","5.37","5.38","5.40","5.37","22.74K","0.21%"
"05/31/2021","5.36","5.39","5.39","5.36","0.00K","-0.69%"
"05/28/2021","5.39","5.40","5.41","5.39","","0.19%"
"05/27/2021","5.38","5.36","5.38","5.36","","0.37%"
"05/26/2021","5.36","5.36","5.36","5.34","0.01K","0.36%"
"05/25/2021","5.34","5.37","5.37","5.34","1.96K","0.00%"
"05/21/2021","5.34","5.32","5.36","5.32","1.40K","0.52%"
"05/20/2021","5.31","5.27","5.31","5.25","","1.93%"
"05/19/2021","5.21","5.24","5.24","5.21","4.11K","-2.00%"
"05/18/2021","5.32","5.35","5.35","5.32","","-0.21%"
"05/17/2021","5.33","5.36","5.36","5.33","0.80K","-0.42%"
"05/14/2021","5.35","5.33","5.35","5.32","5.20K","0.82%"
"05/13/2021","5.31","5.24","5.31","5.23","","0.37%"
"05/12/2021","5.29","5.33","5.33","5.29","0.00K","-0.47%"
"05/11/2021","5.32","5.36","5.36","5.30","101.55K","-1.99%"
"05/10/2021","5.42","5.43","5.43","5.42","0.04K","-0.24%"
"05/07/2021","5.44","5.43","5.44","5.42","20.43K","0.65%"
"05/06/2021","5.40","5.42","5.42","5.38","21.96K","-0.54%"
"05/05/2021","5.43","5.42","5.43","5.42","0.06K","1.09%"
"05/04/2021","5.37","5.43","5.45","5.37","47.57K","-0.93%"
"05/03/2021","5.42","5.44","5.44","5.42","2.34K","0.00%"
"04/30/2021","5.42","5.41","5.42","5.40","4.26K","0.49%"
"04/29/2021","5.39","5.42","5.42","5.39","23.79K","-0.11%"
"04/28/2021","5.40","5.42","5.42","5.40","3.63K","0.00%"
"04/27/2021","5.40","5.42","5.42","5.40","38.87K","-0.16%"
"04/26/2021","5.41","5.39","5.41","5.38","0.13K","0.25%"
"04/23/2021","5.39","5.36","5.39","5.35","0.01K","-0.43%"
"04/22/2021","5.42","5.39","5.42","5.39","0.00K","0.70%"
"04/21/2021","5.38","5.36","5.38","5.35","4.33K","0.82%"
"04/20/2021","5.34","5.38","5.38","5.34","42.11K","-1.03%"
"04/19/2021","5.39","5.45","5.45","5.39","0.38K","-0.73%"
"04/16/2021","5.43","5.42","5.44","5.42","2.52K","0.24%"
"04/15/2021","5.42","5.38","5.42","5.38","0.06K","0.49%"
"04/14/2021","5.39","5.39","5.40","5.39","0.18K","0.00%"
"04/13/2021","5.39","5.41","5.41","5.39","74.76K","0.13%"
"04/12/2021","5.39","5.40","5.40","5.39","2.50K","0.20%"
"04/09/2021","5.38","5.36","5.38","5.36","4.11K","0.41%"
"04/08/2021","5.35","5.37","5.37","5.35","0.00K","0.33%"
"04/07/2021","5.34","5.34","5.35","5.34","9.30K","-0.54%"
"04/06/2021","5.37","5.36","5.37","5.36","31.38K","1.23%"
"04/01/2021","5.30","5.29","5.30","5.29","0.31K","0.34%"
"03/31/2021","5.28","5.26","5.28","5.26","4.00K","0.44%"
"03/30/2021","5.26","5.27","5.27","5.25","43.61K","0.50%"
"03/29/2021","5.23","5.23","5.25","5.22","10.42K","0.65%"
"03/26/2021","5.20","5.19","5.20","5.18","","1.06%"
"03/25/2021","5.14","5.13","5.14","5.12","7.62K","-0.57%"
"03/24/2021","5.17","5.15","5.18","5.15","0.39K","0.00%"
"03/23/2021","5.17","5.14","5.18","5.14","67.29K","0.54%"
"03/22/2021","5.14","5.11","5.14","5.11","2.11K","0.29%"
"03/19/2021","5.13","5.12","5.13","5.12","","-0.79%"
"03/18/2021","5.17","5.16","5.17","5.15","8.10K","0.20%"
"03/17/2021","5.16","5.19","5.19","5.16","5.10K","-0.60%"
"03/16/2021","5.19","5.18","5.20","5.18","93.49K","0.98%"
"03/15/2021","5.14","5.14","5.14","5.14","","0.50%"
"03/12/2021","5.11","5.11","5.12","5.11","8.30K","-0.53%"
"03/11/2021","5.14","5.11","5.14","5.10","","0.75%"
"03/10/2021","5.10","5.06","5.10","5.06","","0.29%"
"03/09/2021","5.09","5.04","5.09","5.04","59.47K","0.31%"
"03/08/2021","5.07","4.99","5.07","4.99","0.63K","3.79%"
"03/05/2021","4.89","4.89","4.91","4.89","37.67K","-1.13%"
"03/04/2021","4.94","4.93","4.94","4.91","171.79K","-0.74%"
"03/03/2021","4.98","5.01","5.02","4.98","2.37K","-0.32%"
"03/02/2021","5.00","5.03","5.04","5.00","46.80K","-0.62%"
"03/01/2021","5.03","4.97","5.03","4.97","58.53K","1.81%"
"02/26/2021","4.94","4.89","4.94","4.89","97.05K","-0.21%"
"02/25/2021","4.95","5.01","5.01","4.95","0.04K","-1.03%"
"02/24/2021","5.00","4.96","5.00","4.96","2.32K","1.29%"
"02/23/2021","4.94","4.98","4.98","4.93","45.44K","-0.80%"
"02/22/2021","4.98","4.97","4.98","4.97","5.84K","-1.13%"
"02/19/2021","5.03","5.02","5.03","5.02","37.69K","0.28%"
"02/18/2021","5.02","5.06","5.06","5.02","","-0.45%"
"02/17/2021","5.04","5.06","5.07","5.04","0.10K","-0.20%"
"02/16/2021","5.05","5.07","5.07","5.05","46.96K","-0.31%"
"02/15/2021","5.07","5.06","5.07","5.06","2.52K","0.73%"
"02/12/2021","5.03","5.01","5.03","5.00","0.20K","0.23%"
"02/11/2021","5.02","5.02","5.02","5.02","","0.44%"
"02/10/2021","5.00","5.03","5.03","5.00","56.42K","-0.48%"
"02/09/2021","5.02","5.03","5.03","5.02","2.53K","-0.10%"
"02/08/2021","5.03","5.03","5.04","5.03","","0.15%"
"02/05/2021","5.02","5.03","5.04","5.02","","0.36%"
"02/04/2021","5.00","4.95","5.00","4.95","7.02K","1.08%"
"02/03/2021","4.95","4.97","4.97","4.95","0.06K","-0.16%"
"02/02/2021","4.96","4.89","4.96","4.89","85.60K","2.59%"
"02/01/2021","4.83","4.80","4.83","4.80","0.40K","1.19%"
"01/29/2021","4.77","4.80","4.81","4.77","","-2.24%"
"01/28/2021","4.88","4.80","4.88","4.80","29.90K","0.48%"
"01/27/2021","4.86","4.91","4.91","4.86","55.33K","-1.26%"
"01/26/2021","4.92","4.92","4.94","4.92","79.52K","0.51%"
"01/25/2021","4.90","4.92","4.92","4.90","18.61K","0.00%"
"01/22/2021","4.90","4.90","4.90","4.88","7.17K","-0.59%"
"01/21/2021","4.93","4.95","4.95","4.93","2.33K","0.00%"
"01/20/2021","4.92","4.86","4.92","4.86","","1.60%"
"01/19/2021","4.85","4.87","4.87","4.85","","-0.13%"
"01/18/2021","4.85","4.84","4.85","4.84","76.81K","0.12%"
"01/15/2021","4.85","4.85","4.85","4.84","0.00K","-0.67%"
"01/14/2021","4.88","4.88","4.88","4.88","","0.34%"
"01/13/2021","4.86","4.84","4.86","4.84","0.01K","0.18%"
"01/12/2021","4.85","4.86","4.87","4.85","0.01K","-0.16%"
"01/11/2021","4.86","4.85","4.86","4.84","91.43K","0.73%"
"01/08/2021","4.83","4.85","4.85","4.83","0.65K","0.42%"
"01/07/2021","4.81","4.76","4.81","4.76","5.19K","0.96%"
"01/06/2021","4.76","4.68","4.76","4.65","47.56K","1.54%"
"01/05/2021","4.69","4.68","4.69","4.68","4.43K","0.22%"
"01/04/2021","4.68","4.77","4.77","4.68","74.21K","-0.91%"
"12/30/2020","4.72","4.73","4.73","4.72","1.25K","-0.29%"
"12/29/2020","4.74","4.76","4.76","4.74","2.01K","0.00%"
"12/28/2020","4.74","4.73","4.74","4.72","2.84K","0.68%"
"12/23/2020","4.71","4.70","4.71","4.70","1.04K","0.31%"
"12/22/2020","4.69","4.67","4.69","4.67","48.02K","0.94%"
"12/21/2020","4.65","4.70","4.70","4.65","","-0.90%"
"12/18/2020","4.69","4.70","4.71","4.69","","-0.25%"
"12/17/2020","4.70","4.71","4.71","4.70","412.16K","-0.28%"
"12/16/2020","4.72","4.71","4.72","4.71","1.12K","0.85%"
"12/15/2020","4.68","4.67","4.69","4.67","38.07K","-0.37%"
"12/14/2020","4.70","4.70","4.70","4.70","38.62K","0.68%"
"12/11/2020","4.66","4.68","4.68","4.66","6.85K","-0.83%"
"12/10/2020","4.70","4.71","4.71","4.70","2.12K","-0.83%"
"12/09/2020","4.74","4.74","4.75","4.74","5.52K","0.17%"
"12/08/2020","4.73","4.71","4.73","4.69","52.86K","0.31%"
"12/07/2020","4.72","4.72","4.72","4.72","0.05K","0.00%"
"12/04/2020","4.72","4.69","4.72","4.68","5.06K","0.54%"
"12/03/2020","4.69","4.68","4.69","4.68","0.35K","0.00%"
"12/02/2020","4.69","4.69","4.70","4.69","1.62K","-0.64%"
"12/01/2020","4.72","4.73","4.74","4.72","40.78K","1.14%"
"11/30/2020","4.67","4.68","4.69","4.67","","-0.89%"
"11/27/2020","4.71","4.71","4.73","4.71","4.87K","-0.21%"
"11/26/2020","4.72","4.73","4.73","4.72","4.87K","0.00%"
"11/25/2020","4.72","4.74","4.74","4.72","4.45K","-0.29%"
"11/24/2020","4.73","4.71","4.73","4.70","69.83K","1.50%"
"11/23/2020","4.66","4.66","4.67","4.65","57.98K","-0.28%"
"11/20/2020","4.67","4.65","4.68","4.65","0.01K","0.48%"
"11/19/2020","4.65","4.67","4.67","4.65","81.51K","-1.42%"
"11/18/2020","4.72","4.69","4.73","4.69","0.58K","0.11%"
"11/17/2020","4.71","4.73","4.73","4.70","34.39K","-0.53%"
"11/16/2020","4.74","4.73","4.75","4.73","25.00K","1.66%"
"11/13/2020","4.66","4.65","4.66","4.65","","0.00%"
"11/12/2020","4.66","4.67","4.67","4.66","","-0.67%"
"11/11/2020","4.70","4.66","4.70","4.66","1.20K","1.40%"
"11/10/2020","4.63","4.66","4.66","4.63","132.02K","-2.04%"
"11/09/2020","4.73","4.62","4.77","4.62","76.41K","3.50%"
"11/06/2020","4.57","4.57","4.57","4.54","7.58K","-0.82%"
"11/05/2020","4.61","4.59","4.61","4.58","72.90K","0.52%"
"11/04/2020","4.58","4.45","4.58","4.45","25.69K","2.56%"
"11/03/2020","4.47","4.41","4.47","4.41","28.18K","1.49%"
"11/02/2020","4.40","4.36","4.41","4.36","","1.61%"
"10/30/2020","4.33","4.32","4.35","4.32","","-1.05%"
"10/29/2020","4.38","4.36","4.38","4.32","93.20K","0.81%"
"10/28/2020","4.34","4.42","4.42","4.34","6.84K","-2.19%"
"10/27/2020","4.44","4.46","4.47","4.43","54.31K","0.26%"
"10/26/2020","4.43","4.47","4.49","4.43","68.28K","-1.77%"
"10/23/2020","4.51","4.52","4.53","4.51","","0.40%"
"10/22/2020","4.49","4.47","4.50","4.47","2.56K","0.00%"
"10/21/2020","4.49","4.51","4.51","4.48","","-0.26%"
"10/20/2020","4.50","4.53","4.57","4.50","3.59M","-1.29%"
"10/19/2020","4.56","4.62","4.62","4.56","0.03K","-1.27%"
"10/16/2020","4.62","4.61","4.62","4.60","0.50K","0.93%"
"10/15/2020","4.58","4.57","4.58","4.56","","-0.83%"
"10/14/2020","4.61","4.64","4.64","4.61","2.50K","-0.59%"
"10/13/2020","4.64","4.63","4.64","4.63","2.48K","0.50%"
"10/12/2020","4.62","4.56","4.62","4.56","0.70K","1.81%"
"10/09/2020","4.54","4.54","4.54","4.53","","0.51%"
"10/08/2020","4.51","4.52","4.53","4.51","0.11K","0.94%"
"10/07/2020","4.47","4.44","4.47","4.44","","0.18%"
"10/06/2020","4.46","4.46","4.46","4.46","","0.33%"
"10/05/2020","4.45","4.44","4.45","4.44","0.02K","0.56%"
"10/02/2020","4.42","4.39","4.42","4.39","7.86K","-0.56%"
"10/01/2020","4.45","4.46","4.46","4.45","","0.14%"
"09/30/2020","4.44","4.37","4.44","4.37","","1.03%"